arrived_at,num_prefill_tokens,num_decode_tokens,block_hash_ids,block_size
0.0,2290,316,"[0, 1, 2, 3, 4, 5, 6, 7, 8, 9, 10, 11, 12, 13, 14, 15, 16, 17, 18, 19, 20, 21, 22, 23, 24, 25, 26, 27, 28, 29, 30, 31, 1344, 1345, 1346, 1347, 1348, 1349, 1350, 1351, 1352, 1353, 1354, 1355, 1356, 1357, 1358, 1359, 1360, 1361, 1362, 1363, 1364, 1365, 1366, 1367, 1368, 1369, 1370, 1371, 1372, 1373, 1374, 1375, 1376, 1377, 1378, 1379, 1380, 1381, 1382, 1383, 1384, 1385, 1386, 1387, 1388, 1389, 1390, 1391, 1392, 1393, 1394, 1395, 1396, 1397, 1398, 1399, 1400, 1401, 1402, 1403, 1404, 1405, 1406, 1407, 1408, 1409, 1410, 1411, 1412, 1413, 1414, 1415, 1416, 1417, 1418, 1419, 1420, 1421, 1422, 1423, 1424, 1425, 1426, 1427, 1428, 1429, 1430, 1431, 1432, 1433, 1434, 1435, 1436, 1437, 1438, 1439, 1099511627776, 1099511627777, 1099511627778, 1099511627779, 1099511627780, 1099511627781, 1099511627782, 1099511627783, 1099511627784, 1099511627785, 1099511627786, 1099511627787, 1099511627788, 1099511627789, 1099511627790, 1125899909988495, 1125899909988496, 1125899909988497, 1125899909988498, 1125899909988499, 1125899909988500, 1125899909988501, 1125899909988502, 1125899909988503, 1125899909988504, 1125899909988505, 1125899909988506, 1125899909988507, 1125899909988508, 1125899909988509, 1125899909988510, 1125899909988511, 1125899909988512, 1125899909988513]",16
3.0,2012,354,"[0, 1, 2, 3, 4, 5, 6, 7, 8, 9, 10, 11, 12, 13, 14, 15, 16, 17, 18, 19, 20, 21, 22, 23, 24, 25, 26, 27, 28, 29, 30, 31, 13664, 13665, 13666, 13667, 13668, 13669, 13670, 13671, 13672, 13673, 13674, 13675, 13676, 13677, 13678, 13679, 13680, 13681, 13682, 13683, 13684, 13685, 13686, 13687, 13688, 13689, 13690, 13691, 13692, 13693, 13694, 13695, 13696, 13697, 13698, 13699, 13700, 13701, 13702, 13703, 13704, 13705, 13706, 13707, 13708, 13709, 13710, 13711, 13712, 13713, 13714, 13715, 13716, 13717, 13718, 13719, 13720, 13721, 13722, 13723, 13724, 13725, 13726, 13727, 1099511627791, 1099511627792, 1099511627793, 1099511627794, 1099511627795, 1099511627796, 1099511627797, 1099511627798, 1099511627799, 1099511627800, 1099511627801, 1099511627802, 1099511627803, 1099511627804, 1099511627805, 1099511627806, 1099511627807, 1099511627808, 1099511627809, 1099511627810, 1099511627811, 1099511627812, 1099511627813, 1099511627814, 1099511627815, 1099511627816, 1099511627817, 1099511627818, 1099511627819, 1125899920474237, 1125899920474238, 1125899920474239, 1125899920474240, 1125899920474241, 1125899920474242, 1125899920474243, 1125899920474244, 1125899920474245, 1125899920474246, 1125899920474247, 1125899920474248, 1125899920474249, 1125899920474250, 1125899920474251, 1125899920474252, 1125899920474253, 1125899920474254, 1125899920474255, 1125899920474256, 1125899920474257, 1125899920474258]",16
3.0,915,355,"[0, 1, 2, 3, 4, 5, 6, 7, 8, 9, 10, 11, 12, 13, 14, 15, 16, 17, 18, 19, 20, 21, 22, 23, 24, 25, 26, 27, 28, 29, 30, 31, 1099511627820, 1099511627821, 1099511627822, 1099511627823, 1099511627824, 1099511627825, 1099511627826, 1099511627827, 1099511627828, 1099511627829, 1099511627830, 1099511627831, 1099511627832, 1099511627833, 1099511627834, 1099511627835, 1099511627836, 1099511627837, 1099511627838, 1099511627839, 1099511627840, 1099511627841, 1099511627842, 1099511627843, 1099511627844, 1125899923619897, 1125899923619898, 1125899923619899, 1125899923619900, 1125899923619901, 1125899923619902, 1125899923619903, 1125899923619904, 1125899923619905, 1125899923619906, 1125899923619907, 1125899923619908, 1125899923619909, 1125899923619910, 1125899923619911, 1125899923619912, 1125899923619913, 1125899923619914, 1125899923619915, 1125899923619916, 1125899923619917, 1125899923619918]",16
5.999,1053,26,"[0, 1, 2, 3, 4, 5, 6, 7, 8, 9, 10, 11, 12, 13, 14, 15, 16, 17, 18, 19, 20, 21, 22, 23, 24, 25, 26, 27, 28, 29, 30, 31, 24736, 24737, 24738, 24739, 24740, 24741, 24742, 24743, 24744, 24745, 24746, 24747, 24748, 24749, 24750, 24751, 24752, 24753, 24754, 24755, 24756, 24757, 24758, 24759, 24760, 24761, 24762, 24763, 24764, 24765, 24766, 24767, 1099511627845, 1125899934105665, 1125899934105666]",16
9.0,1477,615,"[0, 1, 2, 3, 4, 5, 6, 7, 8, 9, 10, 11, 12, 13, 14, 15, 16, 17, 18, 19, 20, 21, 22, 23, 24, 25, 26, 27, 28, 29, 30, 31, 26240, 26241, 26242, 26243, 26244, 26245, 26246, 26247, 26248, 26249, 26250, 26251, 26252, 26253, 26254, 26255, 26256, 26257, 26258, 26259, 26260, 26261, 26262, 26263, 26264, 26265, 26266, 26267, 26268, 26269, 26270, 26271, 1099511627846, 1099511627847, 1099511627848, 1099511627849, 1099511627850, 1099511627851, 1099511627852, 1099511627853, 1099511627854, 1099511627855, 1099511627856, 1099511627857, 1099511627858, 1099511627859, 1099511627860, 1099511627861, 1099511627862, 1099511627863, 1099511627864, 1099511627865, 1099511627866, 1099511627867, 1099511627868, 1099511627869, 1099511627870, 1099511627871, 1099511627872, 1099511627873, 1125899938299996, 1125899938299997, 1125899938299998, 1125899938299999, 1125899938300000, 1125899938300001, 1125899938300002, 1125899938300003, 1125899938300004, 1125899938300005, 1125899938300006, 1125899938300007, 1125899938300008, 1125899938300009, 1125899938300010, 1125899938300011, 1125899938300012, 1125899938300013, 1125899938300014, 1125899938300015, 1125899938300016, 1125899938300017, 1125899938300018, 1125899938300019, 1125899938300020, 1125899938300021, 1125899938300022, 1125899938300023, 1125899938300024, 1125899938300025, 1125899938300026, 1125899938300027, 1125899938300028, 1125899938300029, 1125899938300030, 1125899938300031, 1125899938300032, 1125899938300033]",16
9.0,2293,31,"[0, 1, 2, 3, 4, 5, 6, 7, 8, 9, 10, 11, 12, 13, 14, 15, 16, 17, 18, 19, 20, 21, 22, 23, 24, 25, 26, 27, 28, 29, 30, 31, 30688, 30689, 30690, 30691, 30692, 30693, 30694, 30695, 30696, 30697, 30698, 30699, 30700, 30701, 30702, 30703, 30704, 30705, 30706, 30707, 30708, 30709, 30710, 30711, 30712, 30713, 30714, 30715, 30716, 30717, 30718, 30719, 30720, 30721, 30722, 30723, 30724, 30725, 30726, 30727, 30728, 30729, 30730, 30731, 30732, 30733, 30734, 30735, 30736, 30737, 30738, 30739, 30740, 30741, 30742, 30743, 30744, 30745, 30746, 30747, 30748, 30749, 30750, 30751, 30752, 30753, 30754, 30755, 30756, 30757, 30758, 30759, 30760, 30761, 30762, 30763, 30764, 30765, 30766, 30767, 30768, 30769, 30770, 30771, 30772, 30773, 30774, 30775, 30776, 30777, 30778, 30779, 30780, 30781, 30782, 30783, 1099511627874, 1099511627875, 1099511627876, 1099511627877, 1099511627878, 1099511627879, 1099511627880, 1099511627881, 1099511627882, 1099511627883, 1099511627884, 1099511627885, 1099511627886, 1099511627887, 1099511627888, 1125899944591503, 1125899944591504]",16
9.0,1110,240,"[0, 1, 2, 3, 4, 5, 6, 7, 8, 9, 10, 11, 12, 13, 14, 15, 16, 17, 18, 19, 20, 21, 22, 23, 24, 25, 26, 27, 28, 29, 30, 31, 30816, 30817, 30818, 30819, 30820, 30821, 30822, 30823, 30824, 30825, 30826, 30827, 30828, 30829, 30830, 30831, 30832, 30833, 30834, 30835, 30836, 30837, 30838, 30839, 30840, 30841, 30842, 30843, 30844, 30845, 30846, 30847, 1099511627889, 1099511627890, 1099511627891, 1099511627892, 1099511627893, 1125899945640005, 1125899945640006, 1125899945640007, 1125899945640008, 1125899945640009, 1125899945640010, 1125899945640011, 1125899945640012, 1125899945640013, 1125899945640014, 1125899945640015, 1125899945640016, 1125899945640017, 1125899945640018, 1125899945640019]",16
12.0,2038,524,"[0, 1, 2, 3, 4, 5, 6, 7, 8, 9, 10, 11, 12, 13, 14, 15, 16, 17, 18, 19, 20, 21, 22, 23, 24, 25, 26, 27, 28, 29, 30, 31, 31104, 31105, 31106, 31107, 31108, 31109, 31110, 31111, 31112, 31113, 31114, 31115, 31116, 31117, 31118, 31119, 31120, 31121, 31122, 31123, 31124, 31125, 31126, 31127, 31128, 31129, 31130, 31131, 31132, 31133, 31134, 31135, 31136, 31137, 31138, 31139, 31140, 31141, 31142, 31143, 31144, 31145, 31146, 31147, 31148, 31149, 31150, 31151, 31152, 31153, 31154, 31155, 31156, 31157, 31158, 31159, 31160, 31161, 31162, 31163, 31164, 31165, 31166, 31167, 1099511627894, 1099511627895, 1099511627896, 1099511627897, 1099511627898, 1099511627899, 1099511627900, 1099511627901, 1099511627902, 1099511627903, 1099511627904, 1099511627905, 1099511627906, 1099511627907, 1099511627908, 1099511627909, 1099511627910, 1099511627911, 1099511627912, 1099511627913, 1099511627914, 1099511627915, 1099511627916, 1099511627917, 1099511627918, 1099511627919, 1099511627920, 1099511627921, 1099511627922, 1099511627923, 1099511627924, 1125899947737215, 1125899947737216, 1125899947737217, 1125899947737218, 1125899947737219, 1125899947737220, 1125899947737221, 1125899947737222, 1125899947737223, 1125899947737224, 1125899947737225, 1125899947737226, 1125899947737227, 1125899947737228, 1125899947737229, 1125899947737230, 1125899947737231, 1125899947737232, 1125899947737233, 1125899947737234, 1125899947737235, 1125899947737236, 1125899947737237, 1125899947737238, 1125899947737239, 1125899947737240, 1125899947737241, 1125899947737242, 1125899947737243, 1125899947737244, 1125899947737245, 1125899947737246, 1125899947737247]",16
12.0,1902,587,"[0, 1, 2, 3, 4, 5, 6, 7, 8, 9, 10, 11, 12, 13, 14, 15, 16, 17, 18, 19, 20, 21, 22, 23, 24, 25, 26, 27, 28, 29, 30, 31, 31200, 31201, 31202, 31203, 31204, 31205, 31206, 31207, 31208, 31209, 31210, 31211, 31212, 31213, 31214, 31215, 31216, 31217, 31218, 31219, 31220, 31221, 31222, 31223, 31224, 31225, 31226, 31227, 31228, 31229, 31230, 31231, 31232, 31233, 31234, 31235, 31236, 31237, 31238, 31239, 31240, 31241, 31242, 31243, 31244, 31245, 31246, 31247, 31248, 31249, 31250, 31251, 31252, 31253, 31254, 31255, 31256, 31257, 31258, 31259, 31260, 31261, 31262, 31263, 1099511627925, 1099511627926, 1099511627927, 1099511627928, 1099511627929, 1099511627930, 1099511627931, 1099511627932, 1099511627933, 1099511627934, 1099511627935, 1099511627936, 1099511627937, 1099511627938, 1099511627939, 1099511627940, 1099511627941, 1099511627942, 1099511627943, 1099511627944, 1099511627945, 1099511627946, 1125899948785782, 1125899948785783, 1125899948785784, 1125899948785785, 1125899948785786, 1125899948785787, 1125899948785788, 1125899948785789, 1125899948785790, 1125899948785791, 1125899948785792, 1125899948785793, 1125899948785794, 1125899948785795, 1125899948785796, 1125899948785797, 1125899948785798, 1125899948785799, 1125899948785800, 1125899948785801, 1125899948785802, 1125899948785803, 1125899948785804, 1125899948785805, 1125899948785806, 1125899948785807, 1125899948785808, 1125899948785809, 1125899948785810, 1125899948785811, 1125899948785812, 1125899948785813, 1125899948785814, 1125899948785815, 1125899948785816, 1125899948785817, 1125899948785818]",16
12.0,1066,324,"[0, 1, 2, 3, 4, 5, 6, 7, 8, 9, 10, 11, 12, 13, 14, 15, 16, 17, 18, 19, 20, 21, 22, 23, 24, 25, 26, 27, 28, 29, 30, 31, 32896, 32897, 32898, 32899, 32900, 32901, 32902, 32903, 32904, 32905, 32906, 32907, 32908, 32909, 32910, 32911, 32912, 32913, 32914, 32915, 32916, 32917, 32918, 32919, 32920, 32921, 32922, 32923, 32924, 32925, 32926, 32927, 1099511627947, 1099511627948, 1125899951931458, 1125899951931459, 1125899951931460, 1125899951931461, 1125899951931462, 1125899951931463, 1125899951931464, 1125899951931465, 1125899951931466, 1125899951931467, 1125899951931468, 1125899951931469, 1125899951931470, 1125899951931471, 1125899951931472, 1125899951931473, 1125899951931474, 1125899951931475, 1125899951931476, 1125899951931477]",16
15.0,898,324,"[0, 1, 2, 3, 4, 5, 6, 7, 8, 9, 10, 11, 12, 13, 14, 15, 16, 17, 18, 19, 20, 21, 22, 23, 24, 25, 26, 27, 28, 29, 30, 31, 1099511627949, 1099511627950, 1099511627951, 1099511627952, 1099511627953, 1099511627954, 1099511627955, 1099511627956, 1099511627957, 1099511627958, 1099511627959, 1099511627960, 1099511627961, 1099511627962, 1099511627963, 1099511627964, 1099511627965, 1099511627966, 1099511627967, 1099511627968, 1099511627969, 1099511627970, 1099511627971, 1099511627972, 1125899956125752, 1125899956125753, 1125899956125754, 1125899956125755, 1125899956125756, 1125899956125757, 1125899956125758, 1125899956125759, 1125899956125760, 1125899956125761, 1125899956125762, 1125899956125763, 1125899956125764, 1125899956125765, 1125899956125766, 1125899956125767, 1125899956125768, 1125899956125769, 1125899956125770, 1125899956125771]",16
15.0,2350,355,"[0, 1, 2, 3, 4, 5, 6, 7, 8, 9, 10, 11, 12, 13, 14, 15, 16, 17, 18, 19, 20, 21, 22, 23, 24, 25, 26, 27, 28, 29, 30, 31, 45504, 45505, 45506, 45507, 45508, 45509, 45510, 45511, 45512, 45513, 45514, 45515, 45516, 45517, 45518, 45519, 45520, 45521, 45522, 45523, 45524, 45525, 45526, 45527, 45528, 45529, 45530, 45531, 45532, 45533, 45534, 45535, 45536, 45537, 45538, 45539, 45540, 45541, 45542, 45543, 45544, 45545, 45546, 45547, 45548, 45549, 45550, 45551, 45552, 45553, 45554, 45555, 45556, 45557, 45558, 45559, 45560, 45561, 45562, 45563, 45564, 45565, 45566, 45567, 45568, 45569, 45570, 45571, 45572, 45573, 45574, 45575, 45576, 45577, 45578, 45579, 45580, 45581, 45582, 45583, 45584, 45585, 45586, 45587, 45588, 45589, 45590, 45591, 45592, 45593, 45594, 45595, 45596, 45597, 45598, 45599, 1099511627973, 1099511627974, 1099511627975, 1099511627976, 1099511627977, 1099511627978, 1099511627979, 1099511627980, 1099511627981, 1099511627982, 1099511627983, 1099511627984, 1099511627985, 1099511627986, 1099511627987, 1099511627988, 1099511627989, 1099511627990, 1125899967660178, 1125899967660179, 1125899967660180, 1125899967660181, 1125899967660182, 1125899967660183, 1125899967660184, 1125899967660185, 1125899967660186, 1125899967660187, 1125899967660188, 1125899967660189, 1125899967660190, 1125899967660191, 1125899967660192, 1125899967660193, 1125899967660194, 1125899967660195, 1125899967660196, 1125899967660197, 1125899967660198, 1125899967660199, 1125899967660200]",16
15.0,934,421,"[0, 1, 2, 3, 4, 5, 6, 7, 8, 9, 10, 11, 12, 13, 14, 15, 16, 17, 18, 19, 20, 21, 22, 23, 24, 25, 26, 27, 28, 29, 30, 31, 1099511627991, 1099511627992, 1099511627993, 1099511627994, 1099511627995, 1099511627996, 1099511627997, 1099511627998, 1099511627999, 1099511628000, 1099511628001, 1099511628002, 1099511628003, 1099511628004, 1099511628005, 1099511628006, 1099511628007, 1099511628008, 1099511628009, 1099511628010, 1099511628011, 1099511628012, 1099511628013, 1099511628014, 1099511628015, 1099511628016, 1125899968708666, 1125899968708667, 1125899968708668, 1125899968708669, 1125899968708670, 1125899968708671, 1125899968708672, 1125899968708673, 1125899968708674, 1125899968708675, 1125899968708676, 1125899968708677, 1125899968708678, 1125899968708679, 1125899968708680, 1125899968708681, 1125899968708682, 1125899968708683, 1125899968708684, 1125899968708685, 1125899968708686, 1125899968708687, 1125899968708688, 1125899968708689, 1125899968708690, 1125899968708691]",16
18.0,898,57,"[0, 1, 2, 3, 4, 5, 6, 7, 8, 9, 10, 11, 12, 13, 14, 15, 16, 17, 18, 19, 20, 21, 22, 23, 24, 25, 26, 27, 28, 29, 30, 31, 1099511628017, 1099511628018, 1099511628019, 1099511628020, 1099511628021, 1099511628022, 1099511628023, 1099511628024, 1099511628025, 1099511628026, 1099511628027, 1099511628028, 1099511628029, 1099511628030, 1099511628031, 1099511628032, 1099511628033, 1099511628034, 1099511628035, 1099511628036, 1099511628037, 1099511628038, 1099511628039, 1099511628040, 1125899972902968, 1125899972902969, 1125899972902970]",16
21.0,3184,195,"[0, 1, 2, 3, 4, 5, 6, 7, 8, 9, 10, 11, 12, 13, 14, 15, 16, 17, 18, 19, 20, 21, 22, 23, 24, 25, 26, 27, 28, 29, 30, 31, 49120, 49121, 49122, 49123, 49124, 49125, 49126, 49127, 49128, 49129, 49130, 49131, 49132, 49133, 49134, 49135, 49136, 49137, 49138, 49139, 49140, 49141, 49142, 49143, 49144, 49145, 49146, 49147, 49148, 49149, 49150, 49151, 49152, 49153, 49154, 49155, 49156, 49157, 49158, 49159, 49160, 49161, 49162, 49163, 49164, 49165, 49166, 49167, 49168, 49169, 49170, 49171, 49172, 49173, 49174, 49175, 49176, 49177, 49178, 49179, 49180, 49181, 49182, 49183, 49184, 49185, 49186, 49187, 49188, 49189, 49190, 49191, 49192, 49193, 49194, 49195, 49196, 49197, 49198, 49199, 49200, 49201, 49202, 49203, 49204, 49205, 49206, 49207, 49208, 49209, 49210, 49211, 49212, 49213, 49214, 49215, 49216, 49217, 49218, 49219, 49220, 49221, 49222, 49223, 49224, 49225, 49226, 49227, 49228, 49229, 49230, 49231, 49232, 49233, 49234, 49235, 49236, 49237, 49238, 49239, 49240, 49241, 49242, 49243, 49244, 49245, 49246, 49247, 49248, 49249, 49250, 49251, 49252, 49253, 49254, 49255, 49256, 49257, 49258, 49259, 49260, 49261, 49262, 49263, 49264, 49265, 49266, 49267, 49268, 49269, 49270, 49271, 49272, 49273, 49274, 49275, 49276, 49277, 49278, 49279, 1099511628041, 1099511628042, 1099511628043, 1099511628044, 1099511628045, 1099511628046, 1099511628047, 1125899975000263, 1125899975000264, 1125899975000265, 1125899975000266, 1125899975000267, 1125899975000268, 1125899975000269, 1125899975000270, 1125899975000271, 1125899975000272, 1125899975000273, 1125899975000274]",16
21.0,2651,366,"[0, 1, 2, 3, 4, 5, 6, 7, 8, 9, 10, 11, 12, 13, 14, 15, 16, 17, 18, 19, 20, 21, 22, 23, 24, 25, 26, 27, 28, 29, 30, 31, 49312, 49313, 49314, 49315, 49316, 49317, 49318, 49319, 49320, 49321, 49322, 49323, 49324, 49325, 49326, 49327, 49328, 49329, 49330, 49331, 49332, 49333, 49334, 49335, 49336, 49337, 49338, 49339, 49340, 49341, 49342, 49343, 49344, 49345, 49346, 49347, 49348, 49349, 49350, 49351, 49352, 49353, 49354, 49355, 49356, 49357, 49358, 49359, 49360, 49361, 49362, 49363, 49364, 49365, 49366, 49367, 49368, 49369, 49370, 49371, 49372, 49373, 49374, 49375, 49376, 49377, 49378, 49379, 49380, 49381, 49382, 49383, 49384, 49385, 49386, 49387, 49388, 49389, 49390, 49391, 49392, 49393, 49394, 49395, 49396, 49397, 49398, 49399, 49400, 49401, 49402, 49403, 49404, 49405, 49406, 49407, 49408, 49409, 49410, 49411, 49412, 49413, 49414, 49415, 49416, 49417, 49418, 49419, 49420, 49421, 49422, 49423, 49424, 49425, 49426, 49427, 49428, 49429, 49430, 49431, 49432, 49433, 49434, 49435, 49436, 49437, 49438, 49439, 1099511628048, 1099511628049, 1099511628050, 1099511628051, 1099511628052, 1125899976048805, 1125899976048806, 1125899976048807, 1125899976048808, 1125899976048809, 1125899976048810, 1125899976048811, 1125899976048812, 1125899976048813, 1125899976048814, 1125899976048815, 1125899976048816, 1125899976048817, 1125899976048818, 1125899976048819, 1125899976048820, 1125899976048821, 1125899976048822, 1125899976048823, 1125899976048824, 1125899976048825, 1125899976048826, 1125899976048827]",16
24.0,2133,347,"[0, 1, 2, 3, 4, 5, 6, 7, 8, 9, 10, 11, 12, 13, 14, 15, 16, 17, 18, 19, 20, 21, 22, 23, 24, 25, 26, 27, 28, 29, 30, 31, 56448, 56449, 56450, 56451, 56452, 56453, 56454, 56455, 56456, 56457, 56458, 56459, 56460, 56461, 56462, 56463, 56464, 56465, 56466, 56467, 56468, 56469, 56470, 56471, 56472, 56473, 56474, 56475, 56476, 56477, 56478, 56479, 56480, 56481, 56482, 56483, 56484, 56485, 56486, 56487, 56488, 56489, 56490, 56491, 56492, 56493, 56494, 56495, 56496, 56497, 56498, 56499, 56500, 56501, 56502, 56503, 56504, 56505, 56506, 56507, 56508, 56509, 56510, 56511, 56512, 56513, 56514, 56515, 56516, 56517, 56518, 56519, 56520, 56521, 56522, 56523, 56524, 56525, 56526, 56527, 56528, 56529, 56530, 56531, 56532, 56533, 56534, 56535, 56536, 56537, 56538, 56539, 56540, 56541, 56542, 56543, 1099511628053, 1099511628054, 1099511628055, 1099511628056, 1099511628057, 1125899984437381, 1125899984437382, 1125899984437383, 1125899984437384, 1125899984437385, 1125899984437386, 1125899984437387, 1125899984437388, 1125899984437389, 1125899984437390, 1125899984437391, 1125899984437392, 1125899984437393, 1125899984437394, 1125899984437395, 1125899984437396, 1125899984437397, 1125899984437398, 1125899984437399, 1125899984437400, 1125899984437401, 1125899984437402]",16
27.0,1424,290,"[0, 1, 2, 3, 4, 5, 6, 7, 8, 9, 10, 11, 12, 13, 14, 15, 16, 17, 18, 19, 20, 21, 22, 23, 24, 25, 26, 27, 28, 29, 30, 31, 58848, 58849, 58850, 58851, 58852, 58853, 58854, 58855, 58856, 58857, 58858, 58859, 58860, 58861, 58862, 58863, 58864, 58865, 58866, 58867, 58868, 58869, 58870, 58871, 58872, 58873, 58874, 58875, 58876, 58877, 58878, 58879, 1099511628058, 1099511628059, 1099511628060, 1099511628061, 1099511628062, 1099511628063, 1099511628064, 1099511628065, 1099511628066, 1099511628067, 1099511628068, 1099511628069, 1099511628070, 1099511628071, 1099511628072, 1099511628073, 1099511628074, 1099511628075, 1099511628076, 1099511628077, 1099511628078, 1099511628079, 1099511628080, 1099511628081, 1099511628082, 1125899986534489, 1125899986534490, 1125899986534491, 1125899986534492, 1125899986534493, 1125899986534494, 1125899986534495, 1125899986534496, 1125899986534497, 1125899986534498, 1125899986534499, 1125899986534500, 1125899986534501, 1125899986534502, 1125899986534503, 1125899986534504, 1125899986534505, 1125899986534506]",16
27.0,954,48,"[0, 1, 2, 3, 4, 5, 6, 7, 8, 9, 10, 11, 12, 13, 14, 15, 16, 17, 18, 19, 20, 21, 22, 23, 24, 25, 26, 27, 28, 29, 30, 31, 1099511628083, 1099511628084, 1099511628085, 1099511628086, 1099511628087, 1099511628088, 1099511628089, 1099511628090, 1099511628091, 1099511628092, 1099511628093, 1099511628094, 1099511628095, 1099511628096, 1099511628097, 1099511628098, 1099511628099, 1099511628100, 1099511628101, 1099511628102, 1099511628103, 1099511628104, 1099511628105, 1099511628106, 1099511628107, 1099511628108, 1099511628109, 1125899989680187, 1125899989680188, 1125899989680189]",16
33.0,1322,514,"[0, 1, 2, 3, 4, 5, 6, 7, 8, 9, 10, 11, 12, 13, 14, 15, 16, 17, 18, 19, 20, 21, 22, 23, 24, 25, 26, 27, 28, 29, 30, 31, 93824, 93825, 93826, 93827, 93828, 93829, 93830, 93831, 93832, 93833, 93834, 93835, 93836, 93837, 93838, 93839, 93840, 93841, 93842, 93843, 93844, 93845, 93846, 93847, 93848, 93849, 93850, 93851, 93852, 93853, 93854, 93855, 1099511628110, 1099511628111, 1099511628112, 1099511628113, 1099511628114, 1099511628115, 1099511628116, 1099511628117, 1099511628118, 1099511628119, 1099511628120, 1099511628121, 1099511628122, 1099511628123, 1099511628124, 1099511628125, 1099511628126, 1099511628127, 1125900009603154, 1125900009603155, 1125900009603156, 1125900009603157, 1125900009603158, 1125900009603159, 1125900009603160, 1125900009603161, 1125900009603162, 1125900009603163, 1125900009603164, 1125900009603165, 1125900009603166, 1125900009603167, 1125900009603168, 1125900009603169, 1125900009603170, 1125900009603171, 1125900009603172, 1125900009603173, 1125900009603174, 1125900009603175, 1125900009603176, 1125900009603177, 1125900009603178, 1125900009603179, 1125900009603180, 1125900009603181, 1125900009603182, 1125900009603183, 1125900009603184, 1125900009603185]",16
33.0,916,265,"[0, 1, 2, 3, 4, 5, 6, 7, 8, 9, 10, 11, 12, 13, 14, 15, 16, 17, 18, 19, 20, 21, 22, 23, 24, 25, 26, 27, 28, 29, 30, 31, 1099511628128, 1099511628129, 1099511628130, 1099511628131, 1099511628132, 1099511628133, 1099511628134, 1099511628135, 1099511628136, 1099511628137, 1099511628138, 1099511628139, 1099511628140, 1099511628141, 1099511628142, 1099511628143, 1099511628144, 1099511628145, 1099511628146, 1099511628147, 1099511628148, 1099511628149, 1099511628150, 1099511628151, 1099511628152, 1125900010651705, 1125900010651706, 1125900010651707, 1125900010651708, 1125900010651709, 1125900010651710, 1125900010651711, 1125900010651712, 1125900010651713, 1125900010651714, 1125900010651715, 1125900010651716, 1125900010651717, 1125900010651718, 1125900010651719, 1125900010651720]",16
36.0,2885,613,"[0, 1, 2, 3, 4, 5, 6, 7, 8, 9, 10, 11, 12, 13, 14, 15, 16, 17, 18, 19, 20, 21, 22, 23, 24, 25, 26, 27, 28, 29, 30, 31, 93920, 93921, 93922, 93923, 93924, 93925, 93926, 93927, 93928, 93929, 93930, 93931, 93932, 93933, 93934, 93935, 93936, 93937, 93938, 93939, 93940, 93941, 93942, 93943, 93944, 93945, 93946, 93947, 93948, 93949, 93950, 93951, 93952, 93953, 93954, 93955, 93956, 93957, 93958, 93959, 93960, 93961, 93962, 93963, 93964, 93965, 93966, 93967, 93968, 93969, 93970, 93971, 93972, 93973, 93974, 93975, 93976, 93977, 93978, 93979, 93980, 93981, 93982, 93983, 93984, 93985, 93986, 93987, 93988, 93989, 93990, 93991, 93992, 93993, 93994, 93995, 93996, 93997, 93998, 93999, 94000, 94001, 94002, 94003, 94004, 94005, 94006, 94007, 94008, 94009, 94010, 94011, 94012, 94013, 94014, 94015, 94016, 94017, 94018, 94019, 94020, 94021, 94022, 94023, 94024, 94025, 94026, 94027, 94028, 94029, 94030, 94031, 94032, 94033, 94034, 94035, 94036, 94037, 94038, 94039, 94040, 94041, 94042, 94043, 94044, 94045, 94046, 94047, 1099511628153, 1099511628154, 1099511628155, 1099511628156, 1099511628157, 1099511628158, 1099511628159, 1099511628160, 1099511628161, 1099511628162, 1099511628163, 1099511628164, 1099511628165, 1099511628166, 1099511628167, 1099511628168, 1099511628169, 1099511628170, 1099511628171, 1099511628172, 1125900011700404, 1125900011700405, 1125900011700406, 1125900011700407, 1125900011700408, 1125900011700409, 1125900011700410, 1125900011700411, 1125900011700412, 1125900011700413, 1125900011700414, 1125900011700415, 1125900011700416, 1125900011700417, 1125900011700418, 1125900011700419, 1125900011700420, 1125900011700421, 1125900011700422, 1125900011700423, 1125900011700424, 1125900011700425, 1125900011700426, 1125900011700427, 1125900011700428, 1125900011700429, 1125900011700430, 1125900011700431, 1125900011700432, 1125900011700433, 1125900011700434, 1125900011700435, 1125900011700436, 1125900011700437, 1125900011700438, 1125900011700439, 1125900011700440, 1125900011700441]",16
36.0,1729,31,"[0, 1, 2, 3, 4, 5, 6, 7, 8, 9, 10, 11, 12, 13, 14, 15, 16, 17, 18, 19, 20, 21, 22, 23, 24, 25, 26, 27, 28, 29, 30, 31, 94592, 94593, 94594, 94595, 94596, 94597, 94598, 94599, 94600, 94601, 94602, 94603, 94604, 94605, 94606, 94607, 94608, 94609, 94610, 94611, 94612, 94613, 94614, 94615, 94616, 94617, 94618, 94619, 94620, 94621, 94622, 94623, 94624, 94625, 94626, 94627, 94628, 94629, 94630, 94631, 94632, 94633, 94634, 94635, 94636, 94637, 94638, 94639, 94640, 94641, 94642, 94643, 94644, 94645, 94646, 94647, 94648, 94649, 94650, 94651, 94652, 94653, 94654, 94655, 1099511628173, 1099511628174, 1099511628175, 1099511628176, 1099511628177, 1099511628178, 1099511628179, 1099511628180, 1099511628181, 1099511628182, 1099511628183, 1099511628184, 1125900013797484, 1125900013797485]",16
36.0,2428,508,"[0, 1, 2, 3, 4, 5, 6, 7, 8, 9, 10, 11, 12, 13, 14, 15, 16, 17, 18, 19, 20, 21, 22, 23, 24, 25, 26, 27, 28, 29, 30, 31, 94688, 94689, 94690, 94691, 94692, 94693, 94694, 94695, 94696, 94697, 94698, 94699, 94700, 94701, 94702, 94703, 94704, 94705, 94706, 94707, 94708, 94709, 94710, 94711, 94712, 94713, 94714, 94715, 94716, 94717, 94718, 94719, 94720, 94721, 94722, 94723, 94724, 94725, 94726, 94727, 94728, 94729, 94730, 94731, 94732, 94733, 94734, 94735, 94736, 94737, 94738, 94739, 94740, 94741, 94742, 94743, 94744, 94745, 94746, 94747, 94748, 94749, 94750, 94751, 94752, 94753, 94754, 94755, 94756, 94757, 94758, 94759, 94760, 94761, 94762, 94763, 94764, 94765, 94766, 94767, 94768, 94769, 94770, 94771, 94772, 94773, 94774, 94775, 94776, 94777, 94778, 94779, 94780, 94781, 94782, 94783, 1099511628185, 1099511628186, 1099511628187, 1099511628188, 1099511628189, 1099511628190, 1099511628191, 1099511628192, 1099511628193, 1099511628194, 1099511628195, 1099511628196, 1099511628197, 1099511628198, 1099511628199, 1099511628200, 1099511628201, 1099511628202, 1099511628203, 1099511628204, 1099511628205, 1099511628206, 1099511628207, 1125900014846103, 1125900014846104, 1125900014846105, 1125900014846106, 1125900014846107, 1125900014846108, 1125900014846109, 1125900014846110, 1125900014846111, 1125900014846112, 1125900014846113, 1125900014846114, 1125900014846115, 1125900014846116, 1125900014846117, 1125900014846118, 1125900014846119, 1125900014846120, 1125900014846121, 1125900014846122, 1125900014846123, 1125900014846124, 1125900014846125, 1125900014846126, 1125900014846127, 1125900014846128, 1125900014846129, 1125900014846130, 1125900014846131, 1125900014846132, 1125900014846133, 1125900014846134]",16
36.0,1087,505,"[0, 1, 2, 3, 4, 5, 6, 7, 8, 9, 10, 11, 12, 13, 14, 15, 16, 17, 18, 19, 20, 21, 22, 23, 24, 25, 26, 27, 28, 29, 30, 31, 95520, 95521, 95522, 95523, 95524, 95525, 95526, 95527, 95528, 95529, 95530, 95531, 95532, 95533, 95534, 95535, 95536, 95537, 95538, 95539, 95540, 95541, 95542, 95543, 95544, 95545, 95546, 95547, 95548, 95549, 95550, 95551, 1099511628208, 1099511628209, 1099511628210, 1125900016943171, 1125900016943172, 1125900016943173, 1125900016943174, 1125900016943175, 1125900016943176, 1125900016943177, 1125900016943178, 1125900016943179, 1125900016943180, 1125900016943181, 1125900016943182, 1125900016943183, 1125900016943184, 1125900016943185, 1125900016943186, 1125900016943187, 1125900016943188, 1125900016943189, 1125900016943190, 1125900016943191, 1125900016943192, 1125900016943193, 1125900016943194, 1125900016943195, 1125900016943196, 1125900016943197, 1125900016943198, 1125900016943199, 1125900016943200, 1125900016943201, 1125900016943202]",16
36.0,2392,621,"[0, 1, 2, 3, 4, 5, 6, 7, 8, 9, 10, 11, 12, 13, 14, 15, 16, 17, 18, 19, 20, 21, 22, 23, 24, 25, 26, 27, 28, 29, 30, 31, 95584, 95585, 95586, 95587, 95588, 95589, 95590, 95591, 95592, 95593, 95594, 95595, 95596, 95597, 95598, 95599, 95600, 95601, 95602, 95603, 95604, 95605, 95606, 95607, 95608, 95609, 95610, 95611, 95612, 95613, 95614, 95615, 95616, 95617, 95618, 95619, 95620, 95621, 95622, 95623, 95624, 95625, 95626, 95627, 95628, 95629, 95630, 95631, 95632, 95633, 95634, 95635, 95636, 95637, 95638, 95639, 95640, 95641, 95642, 95643, 95644, 95645, 95646, 95647, 95648, 95649, 95650, 95651, 95652, 95653, 95654, 95655, 95656, 95657, 95658, 95659, 95660, 95661, 95662, 95663, 95664, 95665, 95666, 95667, 95668, 95669, 95670, 95671, 95672, 95673, 95674, 95675, 95676, 95677, 95678, 95679, 1099511628211, 1099511628212, 1099511628213, 1099511628214, 1099511628215, 1099511628216, 1099511628217, 1099511628218, 1099511628219, 1099511628220, 1099511628221, 1099511628222, 1099511628223, 1099511628224, 1099511628225, 1099511628226, 1099511628227, 1099511628228, 1099511628229, 1099511628230, 1099511628231, 1125900017991829, 1125900017991830, 1125900017991831, 1125900017991832, 1125900017991833, 1125900017991834, 1125900017991835, 1125900017991836, 1125900017991837, 1125900017991838, 1125900017991839, 1125900017991840, 1125900017991841, 1125900017991842, 1125900017991843, 1125900017991844, 1125900017991845, 1125900017991846, 1125900017991847, 1125900017991848, 1125900017991849, 1125900017991850, 1125900017991851, 1125900017991852, 1125900017991853, 1125900017991854, 1125900017991855, 1125900017991856, 1125900017991857, 1125900017991858, 1125900017991859, 1125900017991860, 1125900017991861, 1125900017991862, 1125900017991863, 1125900017991864, 1125900017991865, 1125900017991866, 1125900017991867]",16
39.0,3535,228,"[0, 1, 2, 3, 4, 5, 6, 7, 8, 9, 10, 11, 12, 13, 14, 15, 16, 17, 18, 19, 20, 21, 22, 23, 24, 25, 26, 27, 28, 29, 30, 31, 101632, 101633, 101634, 101635, 101636, 101637, 101638, 101639, 101640, 101641, 101642, 101643, 101644, 101645, 101646, 101647, 101648, 101649, 101650, 101651, 101652, 101653, 101654, 101655, 101656, 101657, 101658, 101659, 101660, 101661, 101662, 101663, 101664, 101665, 101666, 101667, 101668, 101669, 101670, 101671, 101672, 101673, 101674, 101675, 101676, 101677, 101678, 101679, 101680, 101681, 101682, 101683, 101684, 101685, 101686, 101687, 101688, 101689, 101690, 101691, 101692, 101693, 101694, 101695, 101696, 101697, 101698, 101699, 101700, 101701, 101702, 101703, 101704, 101705, 101706, 101707, 101708, 101709, 101710, 101711, 101712, 101713, 101714, 101715, 101716, 101717, 101718, 101719, 101720, 101721, 101722, 101723, 101724, 101725, 101726, 101727, 101728, 101729, 101730, 101731, 101732, 101733, 101734, 101735, 101736, 101737, 101738, 101739, 101740, 101741, 101742, 101743, 101744, 101745, 101746, 101747, 101748, 101749, 101750, 101751, 101752, 101753, 101754, 101755, 101756, 101757, 101758, 101759, 101760, 101761, 101762, 101763, 101764, 101765, 101766, 101767, 101768, 101769, 101770, 101771, 101772, 101773, 101774, 101775, 101776, 101777, 101778, 101779, 101780, 101781, 101782, 101783, 101784, 101785, 101786, 101787, 101788, 101789, 101790, 101791, 1099511628232, 1099511628233, 1099511628234, 1099511628235, 1099511628236, 1099511628237, 1099511628238, 1099511628239, 1099511628240, 1099511628241, 1099511628242, 1099511628243, 1099511628244, 1099511628245, 1099511628246, 1099511628247, 1099511628248, 1099511628249, 1099511628250, 1099511628251, 1099511628252, 1099511628253, 1099511628254, 1099511628255, 1099511628256, 1099511628257, 1099511628258, 1099511628259, 1125900026380508, 1125900026380509, 1125900026380510, 1125900026380511, 1125900026380512, 1125900026380513, 1125900026380514, 1125900026380515, 1125900026380516, 1125900026380517, 1125900026380518, 1125900026380519, 1125900026380520, 1125900026380521, 1125900026380522]",16
39.0,1206,223,"[0, 1, 2, 3, 4, 5, 6, 7, 8, 9, 10, 11, 12, 13, 14, 15, 16, 17, 18, 19, 20, 21, 22, 23, 24, 25, 26, 27, 28, 29, 30, 31, 101824, 101825, 101826, 101827, 101828, 101829, 101830, 101831, 101832, 101833, 101834, 101835, 101836, 101837, 101838, 101839, 101840, 101841, 101842, 101843, 101844, 101845, 101846, 101847, 101848, 101849, 101850, 101851, 101852, 101853, 101854, 101855, 1099511628260, 1099511628261, 1099511628262, 1099511628263, 1099511628264, 1099511628265, 1099511628266, 1099511628267, 1099511628268, 1099511628269, 1099511628270, 1125900027428939, 1125900027428940, 1125900027428941, 1125900027428942, 1125900027428943, 1125900027428944, 1125900027428945, 1125900027428946, 1125900027428947, 1125900027428948, 1125900027428949, 1125900027428950, 1125900027428951, 1125900027428952]",16
39.0,897,574,"[0, 1, 2, 3, 4, 5, 6, 7, 8, 9, 10, 11, 12, 13, 14, 15, 16, 17, 18, 19, 20, 21, 22, 23, 24, 25, 26, 27, 28, 29, 30, 31, 1099511628271, 1099511628272, 1099511628273, 1099511628274, 1099511628275, 1099511628276, 1099511628277, 1099511628278, 1099511628279, 1099511628280, 1099511628281, 1099511628282, 1099511628283, 1099511628284, 1099511628285, 1099511628286, 1099511628287, 1099511628288, 1099511628289, 1099511628290, 1099511628291, 1099511628292, 1099511628293, 1099511628294, 1125900029526072, 1125900029526073, 1125900029526074, 1125900029526075, 1125900029526076, 1125900029526077, 1125900029526078, 1125900029526079, 1125900029526080, 1125900029526081, 1125900029526082, 1125900029526083, 1125900029526084, 1125900029526085, 1125900029526086, 1125900029526087, 1125900029526088, 1125900029526089, 1125900029526090, 1125900029526091, 1125900029526092, 1125900029526093, 1125900029526094, 1125900029526095, 1125900029526096, 1125900029526097, 1125900029526098, 1125900029526099, 1125900029526100, 1125900029526101, 1125900029526102, 1125900029526103, 1125900029526104, 1125900029526105, 1125900029526106]",16
41.999,1895,456,"[0, 1, 2, 3, 4, 5, 6, 7, 8, 9, 10, 11, 12, 13, 14, 15, 16, 17, 18, 19, 20, 21, 22, 23, 24, 25, 26, 27, 28, 29, 30, 31, 116096, 116097, 116098, 116099, 116100, 116101, 116102, 116103, 116104, 116105, 116106, 116107, 116108, 116109, 116110, 116111, 116112, 116113, 116114, 116115, 116116, 116117, 116118, 116119, 116120, 116121, 116122, 116123, 116124, 116125, 116126, 116127, 116128, 116129, 116130, 116131, 116132, 116133, 116134, 116135, 116136, 116137, 116138, 116139, 116140, 116141, 116142, 116143, 116144, 116145, 116146, 116147, 116148, 116149, 116150, 116151, 116152, 116153, 116154, 116155, 116156, 116157, 116158, 116159, 1099511628295, 1099511628296, 1099511628297, 1099511628298, 1099511628299, 1099511628300, 1099511628301, 1099511628302, 1099511628303, 1099511628304, 1099511628305, 1099511628306, 1099511628307, 1099511628308, 1099511628309, 1099511628310, 1099511628311, 1099511628312, 1099511628313, 1099511628314, 1099511628315, 1099511628316, 1125900037914742, 1125900037914743, 1125900037914744, 1125900037914745, 1125900037914746, 1125900037914747, 1125900037914748, 1125900037914749, 1125900037914750, 1125900037914751, 1125900037914752, 1125900037914753, 1125900037914754, 1125900037914755, 1125900037914756, 1125900037914757, 1125900037914758, 1125900037914759, 1125900037914760, 1125900037914761, 1125900037914762, 1125900037914763, 1125900037914764, 1125900037914765, 1125900037914766, 1125900037914767, 1125900037914768, 1125900037914769]",16
45.0,907,396,"[0, 1, 2, 3, 4, 5, 6, 7, 8, 9, 10, 11, 12, 13, 14, 15, 16, 17, 18, 19, 20, 21, 22, 23, 24, 25, 26, 27, 28, 29, 30, 31, 1099511628317, 1099511628318, 1099511628319, 1099511628320, 1099511628321, 1099511628322, 1099511628323, 1099511628324, 1099511628325, 1099511628326, 1099511628327, 1099511628328, 1099511628329, 1099511628330, 1099511628331, 1099511628332, 1099511628333, 1099511628334, 1099511628335, 1099511628336, 1099511628337, 1099511628338, 1099511628339, 1099511628340, 1125900038963256, 1125900038963257, 1125900038963258, 1125900038963259, 1125900038963260, 1125900038963261, 1125900038963262, 1125900038963263, 1125900038963264, 1125900038963265, 1125900038963266, 1125900038963267, 1125900038963268, 1125900038963269, 1125900038963270, 1125900038963271, 1125900038963272, 1125900038963273, 1125900038963274, 1125900038963275, 1125900038963276, 1125900038963277, 1125900038963278, 1125900038963279, 1125900038963280]",16
45.0,896,439,"[0, 1, 2, 3, 4, 5, 6, 7, 8, 9, 10, 11, 12, 13, 14, 15, 16, 17, 18, 19, 20, 21, 22, 23, 24, 25, 26, 27, 28, 29, 30, 31, 1099511628341, 1099511628342, 1099511628343, 1099511628344, 1099511628345, 1099511628346, 1099511628347, 1099511628348, 1099511628349, 1099511628350, 1099511628351, 1099511628352, 1099511628353, 1099511628354, 1099511628355, 1099511628356, 1099511628357, 1099511628358, 1099511628359, 1099511628360, 1099511628361, 1099511628362, 1099511628363, 1099511628364, 1125900040011832, 1125900040011833, 1125900040011834, 1125900040011835, 1125900040011836, 1125900040011837, 1125900040011838, 1125900040011839, 1125900040011840, 1125900040011841, 1125900040011842, 1125900040011843, 1125900040011844, 1125900040011845, 1125900040011846, 1125900040011847, 1125900040011848, 1125900040011849, 1125900040011850, 1125900040011851, 1125900040011852, 1125900040011853, 1125900040011854, 1125900040011855, 1125900040011856, 1125900040011857, 1125900040011858]",16
45.0,2158,604,"[0, 1, 2, 3, 4, 5, 6, 7, 8, 9, 10, 11, 12, 13, 14, 15, 16, 17, 18, 19, 20, 21, 22, 23, 24, 25, 26, 27, 28, 29, 30, 31, 118336, 118337, 118338, 118339, 118340, 118341, 118342, 118343, 118344, 118345, 118346, 118347, 118348, 118349, 118350, 118351, 118352, 118353, 118354, 118355, 118356, 118357, 118358, 118359, 118360, 118361, 118362, 118363, 118364, 118365, 118366, 118367, 118368, 118369, 118370, 118371, 118372, 118373, 118374, 118375, 118376, 118377, 118378, 118379, 118380, 118381, 118382, 118383, 118384, 118385, 118386, 118387, 118388, 118389, 118390, 118391, 118392, 118393, 118394, 118395, 118396, 118397, 118398, 118399, 118400, 118401, 118402, 118403, 118404, 118405, 118406, 118407, 118408, 118409, 118410, 118411, 118412, 118413, 118414, 118415, 118416, 118417, 118418, 118419, 118420, 118421, 118422, 118423, 118424, 118425, 118426, 118427, 118428, 118429, 118430, 118431, 1099511628365, 1099511628366, 1099511628367, 1099511628368, 1099511628369, 1099511628370, 1125900043157638, 1125900043157639, 1125900043157640, 1125900043157641, 1125900043157642, 1125900043157643, 1125900043157644, 1125900043157645, 1125900043157646, 1125900043157647, 1125900043157648, 1125900043157649, 1125900043157650, 1125900043157651, 1125900043157652, 1125900043157653, 1125900043157654, 1125900043157655, 1125900043157656, 1125900043157657, 1125900043157658, 1125900043157659, 1125900043157660, 1125900043157661, 1125900043157662, 1125900043157663, 1125900043157664, 1125900043157665, 1125900043157666, 1125900043157667, 1125900043157668, 1125900043157669, 1125900043157670, 1125900043157671, 1125900043157672, 1125900043157673, 1125900043157674, 1125900043157675]",16
48.0,3024,111,"[0, 1, 2, 3, 4, 5, 6, 7, 8, 9, 10, 11, 12, 13, 14, 15, 16, 17, 18, 19, 20, 21, 22, 23, 24, 25, 26, 27, 28, 29, 30, 31, 49312, 49313, 49314, 49315, 49316, 49317, 49318, 49319, 49320, 49321, 49322, 49323, 49324, 49325, 49326, 49327, 49328, 49329, 49330, 49331, 49332, 49333, 49334, 49335, 49336, 49337, 49338, 49339, 49340, 49341, 49342, 49343, 49344, 49345, 49346, 49347, 49348, 49349, 49350, 49351, 49352, 49353, 49354, 49355, 49356, 49357, 49358, 49359, 49360, 49361, 49362, 49363, 49364, 49365, 49366, 49367, 49368, 49369, 49370, 49371, 49372, 49373, 49374, 49375, 49376, 49377, 49378, 49379, 49380, 49381, 49382, 49383, 49384, 49385, 49386, 49387, 49388, 49389, 49390, 49391, 49392, 49393, 49394, 49395, 49396, 49397, 49398, 49399, 49400, 49401, 49402, 49403, 49404, 49405, 49406, 49407, 49408, 49409, 49410, 49411, 49412, 49413, 49414, 49415, 49416, 49417, 49418, 49419, 49420, 49421, 49422, 49423, 49424, 49425, 49426, 49427, 49428, 49429, 49430, 49431, 49432, 49433, 49434, 49435, 49436, 49437, 49438, 49439, 1099511628371, 1099511628372, 1099511628373, 1099511628374, 1099511628375, 1099511628376, 1099511628377, 1099511628378, 1099511628379, 1099511628380, 1099511628381, 1099511628382, 1099511628383, 1099511628384, 1099511628385, 1099511628386, 1099511628387, 1099511628388, 1099511628389, 1099511628390, 1099511628391, 1099511628392, 1099511628393, 1099511628394, 1099511628395, 1099511628396, 1099511628397, 1099511628398, 1099511628399, 1125900046303421, 1125900046303422, 1125900046303423, 1125900046303424, 1125900046303425, 1125900046303426]",16
48.0,914,387,"[0, 1, 2, 3, 4, 5, 6, 7, 8, 9, 10, 11, 12, 13, 14, 15, 16, 17, 18, 19, 20, 21, 22, 23, 24, 25, 26, 27, 28, 29, 30, 31, 1099511628400, 1099511628401, 1099511628402, 1099511628403, 1099511628404, 1099511628405, 1099511628406, 1099511628407, 1099511628408, 1099511628409, 1099511628410, 1099511628411, 1099511628412, 1099511628413, 1099511628414, 1099511628415, 1099511628416, 1099511628417, 1099511628418, 1099511628419, 1099511628420, 1099511628421, 1099511628422, 1099511628423, 1099511628424, 1125900048400441, 1125900048400442, 1125900048400443, 1125900048400444, 1125900048400445, 1125900048400446, 1125900048400447, 1125900048400448, 1125900048400449, 1125900048400450, 1125900048400451, 1125900048400452, 1125900048400453, 1125900048400454, 1125900048400455, 1125900048400456, 1125900048400457, 1125900048400458, 1125900048400459, 1125900048400460, 1125900048400461, 1125900048400462, 1125900048400463, 1125900048400464]",16
48.0,2014,10,"[0, 1, 2, 3, 4, 5, 6, 7, 8, 9, 10, 11, 12, 13, 14, 15, 16, 17, 18, 19, 20, 21, 22, 23, 24, 25, 26, 27, 28, 29, 30, 31, 123840, 123841, 123842, 123843, 123844, 123845, 123846, 123847, 123848, 123849, 123850, 123851, 123852, 123853, 123854, 123855, 123856, 123857, 123858, 123859, 123860, 123861, 123862, 123863, 123864, 123865, 123866, 123867, 123868, 123869, 123870, 123871, 123872, 123873, 123874, 123875, 123876, 123877, 123878, 123879, 123880, 123881, 123882, 123883, 123884, 123885, 123886, 123887, 123888, 123889, 123890, 123891, 123892, 123893, 123894, 123895, 123896, 123897, 123898, 123899, 123900, 123901, 123902, 123903, 1099511628425, 1099511628426, 1099511628427, 1099511628428, 1099511628429, 1099511628430, 1099511628431, 1099511628432, 1099511628433, 1099511628434, 1099511628435, 1099511628436, 1099511628437, 1099511628438, 1099511628439, 1099511628440, 1099511628441, 1099511628442, 1099511628443, 1099511628444, 1099511628445, 1099511628446, 1099511628447, 1099511628448, 1099511628449, 1099511628450, 1099511628451, 1099511628452, 1099511628453, 1125900051546237]",16
48.0,945,536,"[0, 1, 2, 3, 4, 5, 6, 7, 8, 9, 10, 11, 12, 13, 14, 15, 16, 17, 18, 19, 20, 21, 22, 23, 24, 25, 26, 27, 28, 29, 30, 31, 1099511628454, 1099511628455, 1099511628456, 1099511628457, 1099511628458, 1099511628459, 1099511628460, 1099511628461, 1099511628462, 1099511628463, 1099511628464, 1099511628465, 1099511628466, 1099511628467, 1099511628468, 1099511628469, 1099511628470, 1099511628471, 1099511628472, 1099511628473, 1099511628474, 1099511628475, 1099511628476, 1099511628477, 1099511628478, 1099511628479, 1099511628480, 1125900052594747, 1125900052594748, 1125900052594749, 1125900052594750, 1125900052594751, 1125900052594752, 1125900052594753, 1125900052594754, 1125900052594755, 1125900052594756, 1125900052594757, 1125900052594758, 1125900052594759, 1125900052594760, 1125900052594761, 1125900052594762, 1125900052594763, 1125900052594764, 1125900052594765, 1125900052594766, 1125900052594767, 1125900052594768, 1125900052594769, 1125900052594770, 1125900052594771, 1125900052594772, 1125900052594773, 1125900052594774, 1125900052594775, 1125900052594776, 1125900052594777, 1125900052594778, 1125900052594779]",16
48.0,2986,436,"[0, 1, 2, 3, 4, 5, 6, 7, 8, 9, 10, 11, 12, 13, 14, 15, 16, 17, 18, 19, 20, 21, 22, 23, 24, 25, 26, 27, 28, 29, 30, 31, 123968, 123969, 123970, 123971, 123972, 123973, 123974, 123975, 123976, 123977, 123978, 123979, 123980, 123981, 123982, 123983, 123984, 123985, 123986, 123987, 123988, 123989, 123990, 123991, 123992, 123993, 123994, 123995, 123996, 123997, 123998, 123999, 124000, 124001, 124002, 124003, 124004, 124005, 124006, 124007, 124008, 124009, 124010, 124011, 124012, 124013, 124014, 124015, 124016, 124017, 124018, 124019, 124020, 124021, 124022, 124023, 124024, 124025, 124026, 124027, 124028, 124029, 124030, 124031, 124032, 124033, 124034, 124035, 124036, 124037, 124038, 124039, 124040, 124041, 124042, 124043, 124044, 124045, 124046, 124047, 124048, 124049, 124050, 124051, 124052, 124053, 124054, 124055, 124056, 124057, 124058, 124059, 124060, 124061, 124062, 124063, 124064, 124065, 124066, 124067, 124068, 124069, 124070, 124071, 124072, 124073, 124074, 124075, 124076, 124077, 124078, 124079, 124080, 124081, 124082, 124083, 124084, 124085, 124086, 124087, 124088, 124089, 124090, 124091, 124092, 124093, 124094, 124095, 1099511628481, 1099511628482, 1099511628483, 1099511628484, 1099511628485, 1099511628486, 1099511628487, 1099511628488, 1099511628489, 1099511628490, 1099511628491, 1099511628492, 1099511628493, 1099511628494, 1099511628495, 1099511628496, 1099511628497, 1099511628498, 1099511628499, 1099511628500, 1099511628501, 1099511628502, 1099511628503, 1099511628504, 1099511628505, 1099511628506, 1125900053643450, 1125900053643451, 1125900053643452, 1125900053643453, 1125900053643454, 1125900053643455, 1125900053643456, 1125900053643457, 1125900053643458, 1125900053643459, 1125900053643460, 1125900053643461, 1125900053643462, 1125900053643463, 1125900053643464, 1125900053643465, 1125900053643466, 1125900053643467, 1125900053643468, 1125900053643469, 1125900053643470, 1125900053643471, 1125900053643472, 1125900053643473, 1125900053643474, 1125900053643475, 1125900053643476]",16
51.0,1083,481,"[0, 1, 2, 3, 4, 5, 6, 7, 8, 9, 10, 11, 12, 13, 14, 15, 16, 17, 18, 19, 20, 21, 22, 23, 24, 25, 26, 27, 28, 29, 30, 31, 124128, 124129, 124130, 124131, 124132, 124133, 124134, 124135, 124136, 124137, 124138, 124139, 124140, 124141, 124142, 124143, 124144, 124145, 124146, 124147, 124148, 124149, 124150, 124151, 124152, 124153, 124154, 124155, 124156, 124157, 124158, 124159, 1099511628507, 1099511628508, 1099511628509, 1125900054691907, 1125900054691908, 1125900054691909, 1125900054691910, 1125900054691911, 1125900054691912, 1125900054691913, 1125900054691914, 1125900054691915, 1125900054691916, 1125900054691917, 1125900054691918, 1125900054691919, 1125900054691920, 1125900054691921, 1125900054691922, 1125900054691923, 1125900054691924, 1125900054691925, 1125900054691926, 1125900054691927, 1125900054691928, 1125900054691929, 1125900054691930, 1125900054691931, 1125900054691932, 1125900054691933, 1125900054691934, 1125900054691935, 1125900054691936]",16
51.0,898,906,"[0, 1, 2, 3, 4, 5, 6, 7, 8, 9, 10, 11, 12, 13, 14, 15, 16, 17, 18, 19, 20, 21, 22, 23, 24, 25, 26, 27, 28, 29, 30, 31, 1099511628510, 1099511628511, 1099511628512, 1099511628513, 1099511628514, 1099511628515, 1099511628516, 1099511628517, 1099511628518, 1099511628519, 1099511628520, 1099511628521, 1099511628522, 1099511628523, 1099511628524, 1099511628525, 1099511628526, 1099511628527, 1099511628528, 1099511628529, 1099511628530, 1099511628531, 1099511628532, 1099511628533, 1125900058886200, 1125900058886201, 1125900058886202, 1125900058886203, 1125900058886204, 1125900058886205, 1125900058886206, 1125900058886207, 1125900058886208, 1125900058886209, 1125900058886210, 1125900058886211, 1125900058886212, 1125900058886213, 1125900058886214, 1125900058886215, 1125900058886216, 1125900058886217, 1125900058886218, 1125900058886219, 1125900058886220, 1125900058886221, 1125900058886222, 1125900058886223, 1125900058886224, 1125900058886225, 1125900058886226, 1125900058886227, 1125900058886228, 1125900058886229, 1125900058886230, 1125900058886231, 1125900058886232, 1125900058886233, 1125900058886234, 1125900058886235, 1125900058886236, 1125900058886237, 1125900058886238, 1125900058886239, 1125900058886240, 1125900058886241, 1125900058886242, 1125900058886243, 1125900058886244, 1125900058886245, 1125900058886246, 1125900058886247, 1125900058886248, 1125900058886249, 1125900058886250, 1125900058886251, 1125900058886252, 1125900058886253, 1125900058886254, 1125900058886255]",16
51.0,1085,75,"[0, 1, 2, 3, 4, 5, 6, 7, 8, 9, 10, 11, 12, 13, 14, 15, 16, 17, 18, 19, 20, 21, 22, 23, 24, 25, 26, 27, 28, 29, 30, 31, 129120, 129121, 129122, 129123, 129124, 129125, 129126, 129127, 129128, 129129, 129130, 129131, 129132, 129133, 129134, 129135, 129136, 129137, 129138, 129139, 129140, 129141, 129142, 129143, 129144, 129145, 129146, 129147, 129148, 129149, 129150, 129151, 1099511628534, 1099511628535, 1099511628536, 1125900059934787, 1125900059934788, 1125900059934789, 1125900059934790, 1125900059934791]",16
54.0,2187,186,"[0, 1, 2, 3, 4, 5, 6, 7, 8, 9, 10, 11, 12, 13, 14, 15, 16, 17, 18, 19, 20, 21, 22, 23, 24, 25, 26, 27, 28, 29, 30, 31, 130752, 130753, 130754, 130755, 130756, 130757, 130758, 130759, 130760, 130761, 130762, 130763, 130764, 130765, 130766, 130767, 130768, 130769, 130770, 130771, 130772, 130773, 130774, 130775, 130776, 130777, 130778, 130779, 130780, 130781, 130782, 130783, 130784, 130785, 130786, 130787, 130788, 130789, 130790, 130791, 130792, 130793, 130794, 130795, 130796, 130797, 130798, 130799, 130800, 130801, 130802, 130803, 130804, 130805, 130806, 130807, 130808, 130809, 130810, 130811, 130812, 130813, 130814, 130815, 130816, 130817, 130818, 130819, 130820, 130821, 130822, 130823, 130824, 130825, 130826, 130827, 130828, 130829, 130830, 130831, 130832, 130833, 130834, 130835, 130836, 130837, 130838, 130839, 130840, 130841, 130842, 130843, 130844, 130845, 130846, 130847, 1099511628537, 1099511628538, 1099511628539, 1099511628540, 1099511628541, 1099511628542, 1099511628543, 1099511628544, 1125900065177736, 1125900065177737, 1125900065177738, 1125900065177739, 1125900065177740, 1125900065177741, 1125900065177742, 1125900065177743, 1125900065177744, 1125900065177745, 1125900065177746, 1125900065177747]",16
54.0,976,237,"[0, 1, 2, 3, 4, 5, 6, 7, 8, 9, 10, 11, 12, 13, 14, 15, 16, 17, 18, 19, 20, 21, 22, 23, 24, 25, 26, 27, 28, 29, 30, 31, 1099511628545, 1099511628546, 1099511628547, 1099511628548, 1099511628549, 1099511628550, 1099511628551, 1099511628552, 1099511628553, 1099511628554, 1099511628555, 1099511628556, 1099511628557, 1099511628558, 1099511628559, 1099511628560, 1099511628561, 1099511628562, 1099511628563, 1099511628564, 1099511628565, 1099511628566, 1099511628567, 1099511628568, 1099511628569, 1099511628570, 1099511628571, 1099511628572, 1099511628573, 1125900068323389, 1125900068323390, 1125900068323391, 1125900068323392, 1125900068323393, 1125900068323394, 1125900068323395, 1125900068323396, 1125900068323397, 1125900068323398, 1125900068323399, 1125900068323400, 1125900068323401, 1125900068323402]",16
57.0,2016,302,"[0, 1, 2, 3, 4, 5, 6, 7, 8, 9, 10, 11, 12, 13, 14, 15, 16, 17, 18, 19, 20, 21, 22, 23, 24, 25, 26, 27, 28, 29, 30, 31, 133280, 133281, 133282, 133283, 133284, 133285, 133286, 133287, 133288, 133289, 133290, 133291, 133292, 133293, 133294, 133295, 133296, 133297, 133298, 133299, 133300, 133301, 133302, 133303, 133304, 133305, 133306, 133307, 133308, 133309, 133310, 133311, 133312, 133313, 133314, 133315, 133316, 133317, 133318, 133319, 133320, 133321, 133322, 133323, 133324, 133325, 133326, 133327, 133328, 133329, 133330, 133331, 133332, 133333, 133334, 133335, 133336, 133337, 133338, 133339, 133340, 133341, 133342, 133343, 1099511628574, 1099511628575, 1099511628576, 1099511628577, 1099511628578, 1099511628579, 1099511628580, 1099511628581, 1099511628582, 1099511628583, 1099511628584, 1099511628585, 1099511628586, 1099511628587, 1099511628588, 1099511628589, 1099511628590, 1099511628591, 1099511628592, 1099511628593, 1099511628594, 1099511628595, 1099511628596, 1099511628597, 1099511628598, 1099511628599, 1099511628600, 1099511628601, 1099511628602, 1099511628603, 1125900070420606, 1125900070420607, 1125900070420608, 1125900070420609, 1125900070420610, 1125900070420611, 1125900070420612, 1125900070420613, 1125900070420614, 1125900070420615, 1125900070420616, 1125900070420617, 1125900070420618, 1125900070420619, 1125900070420620, 1125900070420621, 1125900070420622, 1125900070420623]",16
57.0,917,21,"[0, 1, 2, 3, 4, 5, 6, 7, 8, 9, 10, 11, 12, 13, 14, 15, 16, 17, 18, 19, 20, 21, 22, 23, 24, 25, 26, 27, 28, 29, 30, 31, 1099511628604, 1099511628605, 1099511628606, 1099511628607, 1099511628608, 1099511628609, 1099511628610, 1099511628611, 1099511628612, 1099511628613, 1099511628614, 1099511628615, 1099511628616, 1099511628617, 1099511628618, 1099511628619, 1099511628620, 1099511628621, 1099511628622, 1099511628623, 1099511628624, 1099511628625, 1099511628626, 1099511628627, 1099511628628, 1125900072517689]",16
57.0,1902,720,"[0, 1, 2, 3, 4, 5, 6, 7, 8, 9, 10, 11, 12, 13, 14, 15, 16, 17, 18, 19, 20, 21, 22, 23, 24, 25, 26, 27, 28, 29, 30, 31, 134144, 134145, 134146, 134147, 134148, 134149, 134150, 134151, 134152, 134153, 134154, 134155, 134156, 134157, 134158, 134159, 134160, 134161, 134162, 134163, 134164, 134165, 134166, 134167, 134168, 134169, 134170, 134171, 134172, 134173, 134174, 134175, 134176, 134177, 134178, 134179, 134180, 134181, 134182, 134183, 134184, 134185, 134186, 134187, 134188, 134189, 134190, 134191, 134192, 134193, 134194, 134195, 134196, 134197, 134198, 134199, 134200, 134201, 134202, 134203, 134204, 134205, 134206, 134207, 1099511628629, 1099511628630, 1099511628631, 1099511628632, 1099511628633, 1099511628634, 1099511628635, 1099511628636, 1099511628637, 1099511628638, 1099511628639, 1099511628640, 1099511628641, 1099511628642, 1099511628643, 1099511628644, 1099511628645, 1099511628646, 1099511628647, 1099511628648, 1099511628649, 1099511628650, 1125900074614902, 1125900074614903, 1125900074614904, 1125900074614905, 1125900074614906, 1125900074614907, 1125900074614908, 1125900074614909, 1125900074614910, 1125900074614911, 1125900074614912, 1125900074614913, 1125900074614914, 1125900074614915, 1125900074614916, 1125900074614917, 1125900074614918, 1125900074614919, 1125900074614920, 1125900074614921, 1125900074614922, 1125900074614923, 1125900074614924, 1125900074614925, 1125900074614926, 1125900074614927, 1125900074614928, 1125900074614929, 1125900074614930, 1125900074614931, 1125900074614932, 1125900074614933, 1125900074614934, 1125900074614935, 1125900074614936, 1125900074614937, 1125900074614938, 1125900074614939, 1125900074614940, 1125900074614941, 1125900074614942, 1125900074614943, 1125900074614944, 1125900074614945, 1125900074614946]",16
57.0,1383,722,"[0, 1, 2, 3, 4, 5, 6, 7, 8, 9, 10, 11, 12, 13, 14, 15, 16, 17, 18, 19, 20, 21, 22, 23, 24, 25, 26, 27, 28, 29, 30, 31, 134240, 134241, 134242, 134243, 134244, 134245, 134246, 134247, 134248, 134249, 134250, 134251, 134252, 134253, 134254, 134255, 134256, 134257, 134258, 134259, 134260, 134261, 134262, 134263, 134264, 134265, 134266, 134267, 134268, 134269, 134270, 134271, 1099511628651, 1099511628652, 1099511628653, 1099511628654, 1099511628655, 1099511628656, 1099511628657, 1099511628658, 1099511628659, 1099511628660, 1099511628661, 1099511628662, 1099511628663, 1099511628664, 1099511628665, 1099511628666, 1099511628667, 1099511628668, 1099511628669, 1099511628670, 1099511628671, 1099511628672, 1125900075663446, 1125900075663447, 1125900075663448, 1125900075663449, 1125900075663450, 1125900075663451, 1125900075663452, 1125900075663453, 1125900075663454, 1125900075663455, 1125900075663456, 1125900075663457, 1125900075663458, 1125900075663459, 1125900075663460, 1125900075663461, 1125900075663462, 1125900075663463, 1125900075663464, 1125900075663465, 1125900075663466, 1125900075663467, 1125900075663468, 1125900075663469, 1125900075663470, 1125900075663471, 1125900075663472, 1125900075663473, 1125900075663474, 1125900075663475, 1125900075663476, 1125900075663477, 1125900075663478, 1125900075663479, 1125900075663480, 1125900075663481, 1125900075663482, 1125900075663483, 1125900075663484, 1125900075663485, 1125900075663486, 1125900075663487, 1125900075663488, 1125900075663489, 1125900075663490]",16
60.0,893,449,"[0, 1, 2, 3, 4, 5, 6, 7, 8, 9, 10, 11, 12, 13, 14, 15, 16, 17, 18, 19, 20, 21, 22, 23, 24, 25, 26, 27, 28, 29, 30, 31, 1099511628673, 1099511628674, 1099511628675, 1099511628676, 1099511628677, 1099511628678, 1099511628679, 1099511628680, 1099511628681, 1099511628682, 1099511628683, 1099511628684, 1099511628685, 1099511628686, 1099511628687, 1099511628688, 1099511628689, 1099511628690, 1099511628691, 1099511628692, 1099511628693, 1099511628694, 1099511628695, 1125900076711991, 1125900076711992, 1125900076711993, 1125900076711994, 1125900076711995, 1125900076711996, 1125900076711997, 1125900076711998, 1125900076711999, 1125900076712000, 1125900076712001, 1125900076712002, 1125900076712003, 1125900076712004, 1125900076712005, 1125900076712006, 1125900076712007, 1125900076712008, 1125900076712009, 1125900076712010, 1125900076712011, 1125900076712012, 1125900076712013, 1125900076712014, 1125900076712015, 1125900076712016, 1125900076712017, 1125900076712018]",16
60.0,2717,359,"[0, 1, 2, 3, 4, 5, 6, 7, 8, 9, 10, 11, 12, 13, 14, 15, 16, 17, 18, 19, 20, 21, 22, 23, 24, 25, 26, 27, 28, 29, 30, 31, 135040, 135041, 135042, 135043, 135044, 135045, 135046, 135047, 135048, 135049, 135050, 135051, 135052, 135053, 135054, 135055, 135056, 135057, 135058, 135059, 135060, 135061, 135062, 135063, 135064, 135065, 135066, 135067, 135068, 135069, 135070, 135071, 135072, 135073, 135074, 135075, 135076, 135077, 135078, 135079, 135080, 135081, 135082, 135083, 135084, 135085, 135086, 135087, 135088, 135089, 135090, 135091, 135092, 135093, 135094, 135095, 135096, 135097, 135098, 135099, 135100, 135101, 135102, 135103, 135104, 135105, 135106, 135107, 135108, 135109, 135110, 135111, 135112, 135113, 135114, 135115, 135116, 135117, 135118, 135119, 135120, 135121, 135122, 135123, 135124, 135125, 135126, 135127, 135128, 135129, 135130, 135131, 135132, 135133, 135134, 135135, 135136, 135137, 135138, 135139, 135140, 135141, 135142, 135143, 135144, 135145, 135146, 135147, 135148, 135149, 135150, 135151, 135152, 135153, 135154, 135155, 135156, 135157, 135158, 135159, 135160, 135161, 135162, 135163, 135164, 135165, 135166, 135167, 1099511628696, 1099511628697, 1099511628698, 1099511628699, 1099511628700, 1099511628701, 1099511628702, 1099511628703, 1099511628704, 1125900078809257, 1125900078809258, 1125900078809259, 1125900078809260, 1125900078809261, 1125900078809262, 1125900078809263, 1125900078809264, 1125900078809265, 1125900078809266, 1125900078809267, 1125900078809268, 1125900078809269, 1125900078809270, 1125900078809271, 1125900078809272, 1125900078809273, 1125900078809274, 1125900078809275, 1125900078809276, 1125900078809277, 1125900078809278, 1125900078809279]",16
63.0,895,133,"[0, 1, 2, 3, 4, 5, 6, 7, 8, 9, 10, 11, 12, 13, 14, 15, 16, 17, 18, 19, 20, 21, 22, 23, 24, 25, 26, 27, 28, 29, 30, 31, 1099511628705, 1099511628706, 1099511628707, 1099511628708, 1099511628709, 1099511628710, 1099511628711, 1099511628712, 1099511628713, 1099511628714, 1099511628715, 1099511628716, 1099511628717, 1099511628718, 1099511628719, 1099511628720, 1099511628721, 1099511628722, 1099511628723, 1099511628724, 1099511628725, 1099511628726, 1099511628727, 1125900081954871, 1125900081954872, 1125900081954873, 1125900081954874, 1125900081954875, 1125900081954876, 1125900081954877, 1125900081954878, 1125900081954879]",16
65.999,1529,513,"[0, 1, 2, 3, 4, 5, 6, 7, 8, 9, 10, 11, 12, 13, 14, 15, 16, 17, 18, 19, 20, 21, 22, 23, 24, 25, 26, 27, 28, 29, 30, 31, 138944, 138945, 138946, 138947, 138948, 138949, 138950, 138951, 138952, 138953, 138954, 138955, 138956, 138957, 138958, 138959, 138960, 138961, 138962, 138963, 138964, 138965, 138966, 138967, 138968, 138969, 138970, 138971, 138972, 138973, 138974, 138975, 1099511628728, 1099511628729, 1099511628730, 1099511628731, 1099511628732, 1099511628733, 1099511628734, 1099511628735, 1099511628736, 1099511628737, 1099511628738, 1099511628739, 1099511628740, 1099511628741, 1099511628742, 1099511628743, 1099511628744, 1099511628745, 1099511628746, 1099511628747, 1099511628748, 1099511628749, 1099511628750, 1099511628751, 1099511628752, 1099511628753, 1099511628754, 1099511628755, 1099511628756, 1099511628757, 1099511628758, 1125900086149215, 1125900086149216, 1125900086149217, 1125900086149218, 1125900086149219, 1125900086149220, 1125900086149221, 1125900086149222, 1125900086149223, 1125900086149224, 1125900086149225, 1125900086149226, 1125900086149227, 1125900086149228, 1125900086149229, 1125900086149230, 1125900086149231, 1125900086149232, 1125900086149233, 1125900086149234, 1125900086149235, 1125900086149236, 1125900086149237, 1125900086149238, 1125900086149239, 1125900086149240, 1125900086149241, 1125900086149242, 1125900086149243, 1125900086149244, 1125900086149245, 1125900086149246]",16
65.999,979,427,"[0, 1, 2, 3, 4, 5, 6, 7, 8, 9, 10, 11, 12, 13, 14, 15, 16, 17, 18, 19, 20, 21, 22, 23, 24, 25, 26, 27, 28, 29, 30, 31, 1099511628759, 1099511628760, 1099511628761, 1099511628762, 1099511628763, 1099511628764, 1099511628765, 1099511628766, 1099511628767, 1099511628768, 1099511628769, 1099511628770, 1099511628771, 1099511628772, 1099511628773, 1099511628774, 1099511628775, 1099511628776, 1099511628777, 1099511628778, 1099511628779, 1099511628780, 1099511628781, 1099511628782, 1099511628783, 1099511628784, 1099511628785, 1099511628786, 1099511628787, 1125900089294909, 1125900089294910, 1125900089294911, 1125900089294912, 1125900089294913, 1125900089294914, 1125900089294915, 1125900089294916, 1125900089294917, 1125900089294918, 1125900089294919, 1125900089294920, 1125900089294921, 1125900089294922, 1125900089294923, 1125900089294924, 1125900089294925, 1125900089294926, 1125900089294927, 1125900089294928, 1125900089294929, 1125900089294930, 1125900089294931, 1125900089294932, 1125900089294933, 1125900089294934]",16
65.999,1073,481,"[0, 1, 2, 3, 4, 5, 6, 7, 8, 9, 10, 11, 12, 13, 14, 15, 16, 17, 18, 19, 20, 21, 22, 23, 24, 25, 26, 27, 28, 29, 30, 31, 140896, 140897, 140898, 140899, 140900, 140901, 140902, 140903, 140904, 140905, 140906, 140907, 140908, 140909, 140910, 140911, 140912, 140913, 140914, 140915, 140916, 140917, 140918, 140919, 140920, 140921, 140922, 140923, 140924, 140925, 140926, 140927, 1099511628788, 1099511628789, 1099511628790, 1125900091392067, 1125900091392068, 1125900091392069, 1125900091392070, 1125900091392071, 1125900091392072, 1125900091392073, 1125900091392074, 1125900091392075, 1125900091392076, 1125900091392077, 1125900091392078, 1125900091392079, 1125900091392080, 1125900091392081, 1125900091392082, 1125900091392083, 1125900091392084, 1125900091392085, 1125900091392086, 1125900091392087, 1125900091392088, 1125900091392089, 1125900091392090, 1125900091392091, 1125900091392092, 1125900091392093, 1125900091392094, 1125900091392095, 1125900091392096]",16
69.0,893,334,"[0, 1, 2, 3, 4, 5, 6, 7, 8, 9, 10, 11, 12, 13, 14, 15, 16, 17, 18, 19, 20, 21, 22, 23, 24, 25, 26, 27, 28, 29, 30, 31, 1099511628791, 1099511628792, 1099511628793, 1099511628794, 1099511628795, 1099511628796, 1099511628797, 1099511628798, 1099511628799, 1099511628800, 1099511628801, 1099511628802, 1099511628803, 1099511628804, 1099511628805, 1099511628806, 1099511628807, 1099511628808, 1099511628809, 1099511628810, 1099511628811, 1099511628812, 1099511628813, 1125900099780663, 1125900099780664, 1125900099780665, 1125900099780666, 1125900099780667, 1125900099780668, 1125900099780669, 1125900099780670, 1125900099780671, 1125900099780672, 1125900099780673, 1125900099780674, 1125900099780675, 1125900099780676, 1125900099780677, 1125900099780678, 1125900099780679, 1125900099780680, 1125900099780681, 1125900099780682, 1125900099780683]",16
69.0,1176,120,"[0, 1, 2, 3, 4, 5, 6, 7, 8, 9, 10, 11, 12, 13, 14, 15, 16, 17, 18, 19, 20, 21, 22, 23, 24, 25, 26, 27, 28, 29, 30, 31, 155552, 155553, 155554, 155555, 155556, 155557, 155558, 155559, 155560, 155561, 155562, 155563, 155564, 155565, 155566, 155567, 155568, 155569, 155570, 155571, 155572, 155573, 155574, 155575, 155576, 155577, 155578, 155579, 155580, 155581, 155582, 155583, 1099511628814, 1099511628815, 1099511628816, 1099511628817, 1099511628818, 1099511628819, 1099511628820, 1099511628821, 1099511628822, 1125900102926409, 1125900102926410, 1125900102926411, 1125900102926412, 1125900102926413, 1125900102926414, 1125900102926415, 1125900102926416]",16
69.0,1341,128,"[0, 1, 2, 3, 4, 5, 6, 7, 8, 9, 10, 11, 12, 13, 14, 15, 16, 17, 18, 19, 20, 21, 22, 23, 24, 25, 26, 27, 28, 29, 30, 31, 160672, 160673, 160674, 160675, 160676, 160677, 160678, 160679, 160680, 160681, 160682, 160683, 160684, 160685, 160686, 160687, 160688, 160689, 160690, 160691, 160692, 160693, 160694, 160695, 160696, 160697, 160698, 160699, 160700, 160701, 160702, 160703, 1099511628823, 1099511628824, 1099511628825, 1099511628826, 1099511628827, 1099511628828, 1099511628829, 1099511628830, 1099511628831, 1099511628832, 1099511628833, 1099511628834, 1099511628835, 1099511628836, 1099511628837, 1099511628838, 1099511628839, 1099511628840, 1099511628841, 1125900106072147, 1125900106072148, 1125900106072149, 1125900106072150, 1125900106072151, 1125900106072152, 1125900106072153, 1125900106072154]",16
69.0,2103,508,"[0, 1, 2, 3, 4, 5, 6, 7, 8, 9, 10, 11, 12, 13, 14, 15, 16, 17, 18, 19, 20, 21, 22, 23, 24, 25, 26, 27, 28, 29, 30, 31, 26240, 26241, 26242, 26243, 26244, 26245, 26246, 26247, 26248, 26249, 26250, 26251, 26252, 26253, 26254, 26255, 26256, 26257, 26258, 26259, 26260, 26261, 26262, 26263, 26264, 26265, 26266, 26267, 26268, 26269, 26270, 26271, 160736, 160737, 160738, 160739, 160740, 160741, 160742, 160743, 160744, 160745, 160746, 160747, 160748, 160749, 160750, 160751, 160752, 160753, 160754, 160755, 160756, 160757, 160758, 160759, 160760, 160761, 160762, 160763, 160764, 160765, 160766, 160767, 160768, 160769, 160770, 160771, 160772, 160773, 160774, 160775, 160776, 160777, 160778, 160779, 160780, 160781, 160782, 160783, 160784, 160785, 160786, 160787, 160788, 160789, 160790, 160791, 160792, 160793, 160794, 160795, 160796, 160797, 160798, 160799, 1099511628842, 1099511628843, 1099511628844, 1125900107120771, 1125900107120772, 1125900107120773, 1125900107120774, 1125900107120775, 1125900107120776, 1125900107120777, 1125900107120778, 1125900107120779, 1125900107120780, 1125900107120781, 1125900107120782, 1125900107120783, 1125900107120784, 1125900107120785, 1125900107120786, 1125900107120787, 1125900107120788, 1125900107120789, 1125900107120790, 1125900107120791, 1125900107120792, 1125900107120793, 1125900107120794, 1125900107120795, 1125900107120796, 1125900107120797, 1125900107120798, 1125900107120799, 1125900107120800, 1125900107120801, 1125900107120802]",16
72.0,1625,578,"[0, 1, 2, 3, 4, 5, 6, 7, 8, 9, 10, 11, 12, 13, 14, 15, 16, 17, 18, 19, 20, 21, 22, 23, 24, 25, 26, 27, 28, 29, 30, 31, 162912, 162913, 162914, 162915, 162916, 162917, 162918, 162919, 162920, 162921, 162922, 162923, 162924, 162925, 162926, 162927, 162928, 162929, 162930, 162931, 162932, 162933, 162934, 162935, 162936, 162937, 162938, 162939, 162940, 162941, 162942, 162943, 162944, 162945, 162946, 162947, 162948, 162949, 162950, 162951, 162952, 162953, 162954, 162955, 162956, 162957, 162958, 162959, 162960, 162961, 162962, 162963, 162964, 162965, 162966, 162967, 162968, 162969, 162970, 162971, 162972, 162973, 162974, 162975, 1099511628845, 1099511628846, 1099511628847, 1099511628848, 1099511628849, 1125900110266469, 1125900110266470, 1125900110266471, 1125900110266472, 1125900110266473, 1125900110266474, 1125900110266475, 1125900110266476, 1125900110266477, 1125900110266478, 1125900110266479, 1125900110266480, 1125900110266481, 1125900110266482, 1125900110266483, 1125900110266484, 1125900110266485, 1125900110266486, 1125900110266487, 1125900110266488, 1125900110266489, 1125900110266490, 1125900110266491, 1125900110266492, 1125900110266493, 1125900110266494, 1125900110266495, 1125900110266496, 1125900110266497, 1125900110266498, 1125900110266499, 1125900110266500, 1125900110266501, 1125900110266502, 1125900110266503, 1125900110266504]",16
72.0,1535,356,"[0, 1, 2, 3, 4, 5, 6, 7, 8, 9, 10, 11, 12, 13, 14, 15, 16, 17, 18, 19, 20, 21, 22, 23, 24, 25, 26, 27, 28, 29, 30, 31, 163008, 163009, 163010, 163011, 163012, 163013, 163014, 163015, 163016, 163017, 163018, 163019, 163020, 163021, 163022, 163023, 163024, 163025, 163026, 163027, 163028, 163029, 163030, 163031, 163032, 163033, 163034, 163035, 163036, 163037, 163038, 163039, 1099511628850, 1099511628851, 1099511628852, 1099511628853, 1099511628854, 1099511628855, 1099511628856, 1099511628857, 1099511628858, 1099511628859, 1099511628860, 1099511628861, 1099511628862, 1099511628863, 1099511628864, 1099511628865, 1099511628866, 1099511628867, 1099511628868, 1099511628869, 1099511628870, 1099511628871, 1099511628872, 1099511628873, 1099511628874, 1099511628875, 1099511628876, 1099511628877, 1099511628878, 1099511628879, 1099511628880, 1125900111315039, 1125900111315040, 1125900111315041, 1125900111315042, 1125900111315043, 1125900111315044, 1125900111315045, 1125900111315046, 1125900111315047, 1125900111315048, 1125900111315049, 1125900111315050, 1125900111315051, 1125900111315052, 1125900111315053, 1125900111315054, 1125900111315055, 1125900111315056, 1125900111315057, 1125900111315058, 1125900111315059, 1125900111315060, 1125900111315061]",16
72.0,1577,579,"[0, 1, 2, 3, 4, 5, 6, 7, 8, 9, 10, 11, 12, 13, 14, 15, 16, 17, 18, 19, 20, 21, 22, 23, 24, 25, 26, 27, 28, 29, 30, 31, 166880, 166881, 166882, 166883, 166884, 166885, 166886, 166887, 166888, 166889, 166890, 166891, 166892, 166893, 166894, 166895, 166896, 166897, 166898, 166899, 166900, 166901, 166902, 166903, 166904, 166905, 166906, 166907, 166908, 166909, 166910, 166911, 166912, 166913, 166914, 166915, 166916, 166917, 166918, 166919, 166920, 166921, 166922, 166923, 166924, 166925, 166926, 166927, 166928, 166929, 166930, 166931, 166932, 166933, 166934, 166935, 166936, 166937, 166938, 166939, 166940, 166941, 166942, 166943, 1099511628881, 1099511628882, 1125900116557922, 1125900116557923, 1125900116557924, 1125900116557925, 1125900116557926, 1125900116557927, 1125900116557928, 1125900116557929, 1125900116557930, 1125900116557931, 1125900116557932, 1125900116557933, 1125900116557934, 1125900116557935, 1125900116557936, 1125900116557937, 1125900116557938, 1125900116557939, 1125900116557940, 1125900116557941, 1125900116557942, 1125900116557943, 1125900116557944, 1125900116557945, 1125900116557946, 1125900116557947, 1125900116557948, 1125900116557949, 1125900116557950, 1125900116557951, 1125900116557952, 1125900116557953, 1125900116557954, 1125900116557955, 1125900116557956, 1125900116557957]",16
74.999,898,286,"[0, 1, 2, 3, 4, 5, 6, 7, 8, 9, 10, 11, 12, 13, 14, 15, 16, 17, 18, 19, 20, 21, 22, 23, 24, 25, 26, 27, 28, 29, 30, 31, 1099511628883, 1099511628884, 1099511628885, 1099511628886, 1099511628887, 1099511628888, 1099511628889, 1099511628890, 1099511628891, 1099511628892, 1099511628893, 1099511628894, 1099511628895, 1099511628896, 1099511628897, 1099511628898, 1099511628899, 1099511628900, 1099511628901, 1099511628902, 1099511628903, 1099511628904, 1099511628905, 1099511628906, 1125900120752184, 1125900120752185, 1125900120752186, 1125900120752187, 1125900120752188, 1125900120752189, 1125900120752190, 1125900120752191, 1125900120752192, 1125900120752193, 1125900120752194, 1125900120752195, 1125900120752196, 1125900120752197, 1125900120752198, 1125900120752199, 1125900120752200, 1125900120752201]",16
74.999,921,452,"[0, 1, 2, 3, 4, 5, 6, 7, 8, 9, 10, 11, 12, 13, 14, 15, 16, 17, 18, 19, 20, 21, 22, 23, 24, 25, 26, 27, 28, 29, 30, 31, 1099511628907, 1099511628908, 1099511628909, 1099511628910, 1099511628911, 1099511628912, 1099511628913, 1099511628914, 1099511628915, 1099511628916, 1099511628917, 1099511628918, 1099511628919, 1099511628920, 1099511628921, 1099511628922, 1099511628923, 1099511628924, 1099511628925, 1099511628926, 1099511628927, 1099511628928, 1099511628929, 1099511628930, 1099511628931, 1125900132286521, 1125900132286522, 1125900132286523, 1125900132286524, 1125900132286525, 1125900132286526, 1125900132286527, 1125900132286528, 1125900132286529, 1125900132286530, 1125900132286531, 1125900132286532, 1125900132286533, 1125900132286534, 1125900132286535, 1125900132286536, 1125900132286537, 1125900132286538, 1125900132286539, 1125900132286540, 1125900132286541, 1125900132286542, 1125900132286543, 1125900132286544, 1125900132286545, 1125900132286546, 1125900132286547, 1125900132286548]",16
74.999,965,637,"[0, 1, 2, 3, 4, 5, 6, 7, 8, 9, 10, 11, 12, 13, 14, 15, 16, 17, 18, 19, 20, 21, 22, 23, 24, 25, 26, 27, 28, 29, 30, 31, 1099511628932, 1099511628933, 1099511628934, 1099511628935, 1099511628936, 1099511628937, 1099511628938, 1099511628939, 1099511628940, 1099511628941, 1099511628942, 1099511628943, 1099511628944, 1099511628945, 1099511628946, 1099511628947, 1099511628948, 1099511628949, 1099511628950, 1099511628951, 1099511628952, 1099511628953, 1099511628954, 1099511628955, 1099511628956, 1099511628957, 1099511628958, 1099511628959, 1125900133335100, 1125900133335101, 1125900133335102, 1125900133335103, 1125900133335104, 1125900133335105, 1125900133335106, 1125900133335107, 1125900133335108, 1125900133335109, 1125900133335110, 1125900133335111, 1125900133335112, 1125900133335113, 1125900133335114, 1125900133335115, 1125900133335116, 1125900133335117, 1125900133335118, 1125900133335119, 1125900133335120, 1125900133335121, 1125900133335122, 1125900133335123, 1125900133335124, 1125900133335125, 1125900133335126, 1125900133335127, 1125900133335128, 1125900133335129, 1125900133335130, 1125900133335131, 1125900133335132, 1125900133335133, 1125900133335134, 1125900133335135, 1125900133335136, 1125900133335137, 1125900133335138, 1125900133335139]",16
81.0,1362,480,"[0, 1, 2, 3, 4, 5, 6, 7, 8, 9, 10, 11, 12, 13, 14, 15, 16, 17, 18, 19, 20, 21, 22, 23, 24, 25, 26, 27, 28, 29, 30, 31, 187264, 187265, 187266, 187267, 187268, 187269, 187270, 187271, 187272, 187273, 187274, 187275, 187276, 187277, 187278, 187279, 187280, 187281, 187282, 187283, 187284, 187285, 187286, 187287, 187288, 187289, 187290, 187291, 187292, 187293, 187294, 187295, 1099511628960, 1099511628961, 1099511628962, 1099511628963, 1099511628964, 1099511628965, 1099511628966, 1099511628967, 1099511628968, 1099511628969, 1099511628970, 1099511628971, 1099511628972, 1099511628973, 1099511628974, 1099511628975, 1099511628976, 1099511628977, 1099511628978, 1099511628979, 1099511628980, 1125900141723733, 1125900141723734, 1125900141723735, 1125900141723736, 1125900141723737, 1125900141723738, 1125900141723739, 1125900141723740, 1125900141723741, 1125900141723742, 1125900141723743, 1125900141723744, 1125900141723745, 1125900141723746, 1125900141723747, 1125900141723748, 1125900141723749, 1125900141723750, 1125900141723751, 1125900141723752, 1125900141723753, 1125900141723754, 1125900141723755, 1125900141723756, 1125900141723757, 1125900141723758, 1125900141723759, 1125900141723760, 1125900141723761, 1125900141723762]",16
81.0,1641,567,"[0, 1, 2, 3, 4, 5, 6, 7, 8, 9, 10, 11, 12, 13, 14, 15, 16, 17, 18, 19, 20, 21, 22, 23, 24, 25, 26, 27, 28, 29, 30, 31, 189056, 189057, 189058, 189059, 189060, 189061, 189062, 189063, 189064, 189065, 189066, 189067, 189068, 189069, 189070, 189071, 189072, 189073, 189074, 189075, 189076, 189077, 189078, 189079, 189080, 189081, 189082, 189083, 189084, 189085, 189086, 189087, 189088, 189089, 189090, 189091, 189092, 189093, 189094, 189095, 189096, 189097, 189098, 189099, 189100, 189101, 189102, 189103, 189104, 189105, 189106, 189107, 189108, 189109, 189110, 189111, 189112, 189113, 189114, 189115, 189116, 189117, 189118, 189119, 1099511628981, 1099511628982, 1099511628983, 1099511628984, 1099511628985, 1099511628986, 1125900144869478, 1125900144869479, 1125900144869480, 1125900144869481, 1125900144869482, 1125900144869483, 1125900144869484, 1125900144869485, 1125900144869486, 1125900144869487, 1125900144869488, 1125900144869489, 1125900144869490, 1125900144869491, 1125900144869492, 1125900144869493, 1125900144869494, 1125900144869495, 1125900144869496, 1125900144869497, 1125900144869498, 1125900144869499, 1125900144869500, 1125900144869501, 1125900144869502, 1125900144869503, 1125900144869504, 1125900144869505, 1125900144869506, 1125900144869507, 1125900144869508, 1125900144869509, 1125900144869510, 1125900144869511, 1125900144869512, 1125900144869513]",16
81.0,906,28,"[0, 1, 2, 3, 4, 5, 6, 7, 8, 9, 10, 11, 12, 13, 14, 15, 16, 17, 18, 19, 20, 21, 22, 23, 24, 25, 26, 27, 28, 29, 30, 31, 1099511628987, 1099511628988, 1099511628989, 1099511628990, 1099511628991, 1099511628992, 1099511628993, 1099511628994, 1099511628995, 1099511628996, 1099511628997, 1099511628998, 1099511628999, 1099511629000, 1099511629001, 1099511629002, 1099511629003, 1099511629004, 1099511629005, 1099511629006, 1099511629007, 1099511629008, 1099511629009, 1099511629010, 1125900148015160, 1125900148015161]",16
81.0,3709,300,"[0, 1, 2, 3, 4, 5, 6, 7, 8, 9, 10, 11, 12, 13, 14, 15, 16, 17, 18, 19, 20, 21, 22, 23, 24, 25, 26, 27, 28, 29, 30, 31, 190080, 190081, 190082, 190083, 190084, 190085, 190086, 190087, 190088, 190089, 190090, 190091, 190092, 190093, 190094, 190095, 190096, 190097, 190098, 190099, 190100, 190101, 190102, 190103, 190104, 190105, 190106, 190107, 190108, 190109, 190110, 190111, 190112, 190113, 190114, 190115, 190116, 190117, 190118, 190119, 190120, 190121, 190122, 190123, 190124, 190125, 190126, 190127, 190128, 190129, 190130, 190131, 190132, 190133, 190134, 190135, 190136, 190137, 190138, 190139, 190140, 190141, 190142, 190143, 190144, 190145, 190146, 190147, 190148, 190149, 190150, 190151, 190152, 190153, 190154, 190155, 190156, 190157, 190158, 190159, 190160, 190161, 190162, 190163, 190164, 190165, 190166, 190167, 190168, 190169, 190170, 190171, 190172, 190173, 190174, 190175, 190176, 190177, 190178, 190179, 190180, 190181, 190182, 190183, 190184, 190185, 190186, 190187, 190188, 190189, 190190, 190191, 190192, 190193, 190194, 190195, 190196, 190197, 190198, 190199, 190200, 190201, 190202, 190203, 190204, 190205, 190206, 190207, 190208, 190209, 190210, 190211, 190212, 190213, 190214, 190215, 190216, 190217, 190218, 190219, 190220, 190221, 190222, 190223, 190224, 190225, 190226, 190227, 190228, 190229, 190230, 190231, 190232, 190233, 190234, 190235, 190236, 190237, 190238, 190239, 190240, 190241, 190242, 190243, 190244, 190245, 190246, 190247, 190248, 190249, 190250, 190251, 190252, 190253, 190254, 190255, 190256, 190257, 190258, 190259, 190260, 190261, 190262, 190263, 190264, 190265, 190266, 190267, 190268, 190269, 190270, 190271, 1099511629011, 1099511629012, 1099511629013, 1099511629014, 1099511629015, 1099511629016, 1099511629017, 1125900149063911, 1125900149063912, 1125900149063913, 1125900149063914, 1125900149063915, 1125900149063916, 1125900149063917, 1125900149063918, 1125900149063919, 1125900149063920, 1125900149063921, 1125900149063922, 1125900149063923, 1125900149063924, 1125900149063925, 1125900149063926, 1125900149063927, 1125900149063928, 1125900149063929]",16
84.0,1372,427,"[0, 1, 2, 3, 4, 5, 6, 7, 8, 9, 10, 11, 12, 13, 14, 15, 16, 17, 18, 19, 20, 21, 22, 23, 24, 25, 26, 27, 28, 29, 30, 31, 202176, 202177, 202178, 202179, 202180, 202181, 202182, 202183, 202184, 202185, 202186, 202187, 202188, 202189, 202190, 202191, 202192, 202193, 202194, 202195, 202196, 202197, 202198, 202199, 202200, 202201, 202202, 202203, 202204, 202205, 202206, 202207, 1099511629018, 1099511629019, 1099511629020, 1099511629021, 1099511629022, 1099511629023, 1099511629024, 1099511629025, 1099511629026, 1099511629027, 1099511629028, 1099511629029, 1099511629030, 1099511629031, 1099511629032, 1099511629033, 1099511629034, 1099511629035, 1099511629036, 1099511629037, 1099511629038, 1125900160598101, 1125900160598102, 1125900160598103, 1125900160598104, 1125900160598105, 1125900160598106, 1125900160598107, 1125900160598108, 1125900160598109, 1125900160598110, 1125900160598111, 1125900160598112, 1125900160598113, 1125900160598114, 1125900160598115, 1125900160598116, 1125900160598117, 1125900160598118, 1125900160598119, 1125900160598120, 1125900160598121, 1125900160598122, 1125900160598123, 1125900160598124, 1125900160598125, 1125900160598126, 1125900160598127]",16
86.999,892,78,"[0, 1, 2, 3, 4, 5, 6, 7, 8, 9, 10, 11, 12, 13, 14, 15, 16, 17, 18, 19, 20, 21, 22, 23, 24, 25, 26, 27, 28, 29, 30, 31, 1099511629039, 1099511629040, 1099511629041, 1099511629042, 1099511629043, 1099511629044, 1099511629045, 1099511629046, 1099511629047, 1099511629048, 1099511629049, 1099511629050, 1099511629051, 1099511629052, 1099511629053, 1099511629054, 1099511629055, 1099511629056, 1099511629057, 1099511629058, 1099511629059, 1099511629060, 1099511629061, 1125900164792375, 1125900164792376, 1125900164792377, 1125900164792378, 1125900164792379]",16
86.999,1035,183,"[0, 1, 2, 3, 4, 5, 6, 7, 8, 9, 10, 11, 12, 13, 14, 15, 16, 17, 18, 19, 20, 21, 22, 23, 24, 25, 26, 27, 28, 29, 30, 31, 210720, 210721, 210722, 210723, 210724, 210725, 210726, 210727, 210728, 210729, 210730, 210731, 210732, 210733, 210734, 210735, 210736, 210737, 210738, 210739, 210740, 210741, 210742, 210743, 210744, 210745, 210746, 210747, 210748, 210749, 210750, 210751, 1125900168986688, 1125900168986689, 1125900168986690, 1125900168986691, 1125900168986692, 1125900168986693, 1125900168986694, 1125900168986695, 1125900168986696, 1125900168986697, 1125900168986698, 1125900168986699]",16
86.999,1309,111,"[0, 1, 2, 3, 4, 5, 6, 7, 8, 9, 10, 11, 12, 13, 14, 15, 16, 17, 18, 19, 20, 21, 22, 23, 24, 25, 26, 27, 28, 29, 30, 31, 212000, 212001, 212002, 212003, 212004, 212005, 212006, 212007, 212008, 212009, 212010, 212011, 212012, 212013, 212014, 212015, 212016, 212017, 212018, 212019, 212020, 212021, 212022, 212023, 212024, 212025, 212026, 212027, 212028, 212029, 212030, 212031, 1099511629062, 1099511629063, 1099511629064, 1099511629065, 1099511629066, 1099511629067, 1099511629068, 1099511629069, 1099511629070, 1099511629071, 1099511629072, 1099511629073, 1099511629074, 1099511629075, 1099511629076, 1099511629077, 1099511629078, 1125900171083857, 1125900171083858, 1125900171083859, 1125900171083860, 1125900171083861, 1125900171083862, 1125900171083863]",16
86.999,2520,549,"[0, 1, 2, 3, 4, 5, 6, 7, 8, 9, 10, 11, 12, 13, 14, 15, 16, 17, 18, 19, 20, 21, 22, 23, 24, 25, 26, 27, 28, 29, 30, 31, 212064, 212065, 212066, 212067, 212068, 212069, 212070, 212071, 212072, 212073, 212074, 212075, 212076, 212077, 212078, 212079, 212080, 212081, 212082, 212083, 212084, 212085, 212086, 212087, 212088, 212089, 212090, 212091, 212092, 212093, 212094, 212095, 212096, 212097, 212098, 212099, 212100, 212101, 212102, 212103, 212104, 212105, 212106, 212107, 212108, 212109, 212110, 212111, 212112, 212113, 212114, 212115, 212116, 212117, 212118, 212119, 212120, 212121, 212122, 212123, 212124, 212125, 212126, 212127, 212128, 212129, 212130, 212131, 212132, 212133, 212134, 212135, 212136, 212137, 212138, 212139, 212140, 212141, 212142, 212143, 212144, 212145, 212146, 212147, 212148, 212149, 212150, 212151, 212152, 212153, 212154, 212155, 212156, 212157, 212158, 212159, 1099511629079, 1099511629080, 1099511629081, 1099511629082, 1099511629083, 1099511629084, 1099511629085, 1099511629086, 1099511629087, 1099511629088, 1099511629089, 1099511629090, 1099511629091, 1099511629092, 1099511629093, 1099511629094, 1099511629095, 1099511629096, 1099511629097, 1099511629098, 1099511629099, 1099511629100, 1099511629101, 1099511629102, 1099511629103, 1099511629104, 1099511629105, 1099511629106, 1099511629107, 1125900172132509, 1125900172132510, 1125900172132511, 1125900172132512, 1125900172132513, 1125900172132514, 1125900172132515, 1125900172132516, 1125900172132517, 1125900172132518, 1125900172132519, 1125900172132520, 1125900172132521, 1125900172132522, 1125900172132523, 1125900172132524, 1125900172132525, 1125900172132526, 1125900172132527, 1125900172132528, 1125900172132529, 1125900172132530, 1125900172132531, 1125900172132532, 1125900172132533, 1125900172132534, 1125900172132535, 1125900172132536, 1125900172132537, 1125900172132538, 1125900172132539, 1125900172132540, 1125900172132541, 1125900172132542]",16
86.999,1757,431,"[0, 1, 2, 3, 4, 5, 6, 7, 8, 9, 10, 11, 12, 13, 14, 15, 16, 17, 18, 19, 20, 21, 22, 23, 24, 25, 26, 27, 28, 29, 30, 31, 213216, 213217, 213218, 213219, 213220, 213221, 213222, 213223, 213224, 213225, 213226, 213227, 213228, 213229, 213230, 213231, 213232, 213233, 213234, 213235, 213236, 213237, 213238, 213239, 213240, 213241, 213242, 213243, 213244, 213245, 213246, 213247, 213248, 213249, 213250, 213251, 213252, 213253, 213254, 213255, 213256, 213257, 213258, 213259, 213260, 213261, 213262, 213263, 213264, 213265, 213266, 213267, 213268, 213269, 213270, 213271, 213272, 213273, 213274, 213275, 213276, 213277, 213278, 213279, 1099511629108, 1099511629109, 1099511629110, 1099511629111, 1099511629112, 1099511629113, 1099511629114, 1099511629115, 1099511629116, 1099511629117, 1099511629118, 1099511629119, 1099511629120, 1125900174229613, 1125900174229614, 1125900174229615, 1125900174229616, 1125900174229617, 1125900174229618, 1125900174229619, 1125900174229620, 1125900174229621, 1125900174229622, 1125900174229623, 1125900174229624, 1125900174229625, 1125900174229626, 1125900174229627, 1125900174229628, 1125900174229629, 1125900174229630, 1125900174229631, 1125900174229632, 1125900174229633, 1125900174229634, 1125900174229635, 1125900174229636, 1125900174229637, 1125900174229638, 1125900174229639]",16
86.999,906,28,"[0, 1, 2, 3, 4, 5, 6, 7, 8, 9, 10, 11, 12, 13, 14, 15, 16, 17, 18, 19, 20, 21, 22, 23, 24, 25, 26, 27, 28, 29, 30, 31, 1099511629121, 1099511629122, 1099511629123, 1099511629124, 1099511629125, 1099511629126, 1099511629127, 1099511629128, 1099511629129, 1099511629130, 1099511629131, 1099511629132, 1099511629133, 1099511629134, 1099511629135, 1099511629136, 1099511629137, 1099511629138, 1099511629139, 1099511629140, 1099511629141, 1099511629142, 1099511629143, 1099511629144, 1125900176326712, 1125900176326713]",16
86.999,1887,312,"[0, 1, 2, 3, 4, 5, 6, 7, 8, 9, 10, 11, 12, 13, 14, 15, 16, 17, 18, 19, 20, 21, 22, 23, 24, 25, 26, 27, 28, 29, 30, 31, 214048, 214049, 214050, 214051, 214052, 214053, 214054, 214055, 214056, 214057, 214058, 214059, 214060, 214061, 214062, 214063, 214064, 214065, 214066, 214067, 214068, 214069, 214070, 214071, 214072, 214073, 214074, 214075, 214076, 214077, 214078, 214079, 214080, 214081, 214082, 214083, 214084, 214085, 214086, 214087, 214088, 214089, 214090, 214091, 214092, 214093, 214094, 214095, 214096, 214097, 214098, 214099, 214100, 214101, 214102, 214103, 214104, 214105, 214106, 214107, 214108, 214109, 214110, 214111, 1099511629145, 1099511629146, 1099511629147, 1099511629148, 1099511629149, 1099511629150, 1099511629151, 1099511629152, 1099511629153, 1099511629154, 1099511629155, 1099511629156, 1099511629157, 1099511629158, 1099511629159, 1099511629160, 1099511629161, 1099511629162, 1099511629163, 1099511629164, 1099511629165, 1125900177375349, 1125900177375350, 1125900177375351, 1125900177375352, 1125900177375353, 1125900177375354, 1125900177375355, 1125900177375356, 1125900177375357, 1125900177375358, 1125900177375359, 1125900177375360, 1125900177375361, 1125900177375362, 1125900177375363, 1125900177375364, 1125900177375365, 1125900177375366, 1125900177375367, 1125900177375368]",16
90.0,1902,654,"[0, 1, 2, 3, 4, 5, 6, 7, 8, 9, 10, 11, 12, 13, 14, 15, 16, 17, 18, 19, 20, 21, 22, 23, 24, 25, 26, 27, 28, 29, 30, 31, 31200, 31201, 31202, 31203, 31204, 31205, 31206, 31207, 31208, 31209, 31210, 31211, 31212, 31213, 31214, 31215, 31216, 31217, 31218, 31219, 31220, 31221, 31222, 31223, 31224, 31225, 31226, 31227, 31228, 31229, 31230, 31231, 31232, 31233, 31234, 31235, 31236, 31237, 31238, 31239, 31240, 31241, 31242, 31243, 31244, 31245, 31246, 31247, 31248, 31249, 31250, 31251, 31252, 31253, 31254, 31255, 31256, 31257, 31258, 31259, 31260, 31261, 31262, 31263, 1099511629166, 1099511629167, 1099511629168, 1099511629169, 1099511629170, 1099511629171, 1099511629172, 1099511629173, 1099511629174, 1099511629175, 1099511629176, 1099511629177, 1099511629178, 1099511629179, 1099511629180, 1099511629181, 1099511629182, 1099511629183, 1099511629184, 1099511629185, 1099511629186, 1099511629187, 1125900180521078, 1125900180521079, 1125900180521080, 1125900180521081, 1125900180521082, 1125900180521083, 1125900180521084, 1125900180521085, 1125900180521086, 1125900180521087, 1125900180521088, 1125900180521089, 1125900180521090, 1125900180521091, 1125900180521092, 1125900180521093, 1125900180521094, 1125900180521095, 1125900180521096, 1125900180521097, 1125900180521098, 1125900180521099, 1125900180521100, 1125900180521101, 1125900180521102, 1125900180521103, 1125900180521104, 1125900180521105, 1125900180521106, 1125900180521107, 1125900180521108, 1125900180521109, 1125900180521110, 1125900180521111, 1125900180521112, 1125900180521113, 1125900180521114, 1125900180521115, 1125900180521116, 1125900180521117, 1125900180521118]",16
93.0,903,171,"[0, 1, 2, 3, 4, 5, 6, 7, 8, 9, 10, 11, 12, 13, 14, 15, 16, 17, 18, 19, 20, 21, 22, 23, 24, 25, 26, 27, 28, 29, 30, 31, 1099511629188, 1099511629189, 1099511629190, 1099511629191, 1099511629192, 1099511629193, 1099511629194, 1099511629195, 1099511629196, 1099511629197, 1099511629198, 1099511629199, 1099511629200, 1099511629201, 1099511629202, 1099511629203, 1099511629204, 1099511629205, 1099511629206, 1099511629207, 1099511629208, 1099511629209, 1099511629210, 1099511629211, 1125900188909624, 1125900188909625, 1125900188909626, 1125900188909627, 1125900188909628, 1125900188909629, 1125900188909630, 1125900188909631, 1125900188909632, 1125900188909633, 1125900188909634]",16
93.0,2787,415,"[0, 1, 2, 3, 4, 5, 6, 7, 8, 9, 10, 11, 12, 13, 14, 15, 16, 17, 18, 19, 20, 21, 22, 23, 24, 25, 26, 27, 28, 29, 30, 31, 224800, 224801, 224802, 224803, 224804, 224805, 224806, 224807, 224808, 224809, 224810, 224811, 224812, 224813, 224814, 224815, 224816, 224817, 224818, 224819, 224820, 224821, 224822, 224823, 224824, 224825, 224826, 224827, 224828, 224829, 224830, 224831, 224832, 224833, 224834, 224835, 224836, 224837, 224838, 224839, 224840, 224841, 224842, 224843, 224844, 224845, 224846, 224847, 224848, 224849, 224850, 224851, 224852, 224853, 224854, 224855, 224856, 224857, 224858, 224859, 224860, 224861, 224862, 224863, 224864, 224865, 224866, 224867, 224868, 224869, 224870, 224871, 224872, 224873, 224874, 224875, 224876, 224877, 224878, 224879, 224880, 224881, 224882, 224883, 224884, 224885, 224886, 224887, 224888, 224889, 224890, 224891, 224892, 224893, 224894, 224895, 224896, 224897, 224898, 224899, 224900, 224901, 224902, 224903, 224904, 224905, 224906, 224907, 224908, 224909, 224910, 224911, 224912, 224913, 224914, 224915, 224916, 224917, 224918, 224919, 224920, 224921, 224922, 224923, 224924, 224925, 224926, 224927, 1099511629212, 1099511629213, 1099511629214, 1099511629215, 1099511629216, 1099511629217, 1099511629218, 1099511629219, 1099511629220, 1099511629221, 1099511629222, 1099511629223, 1099511629224, 1099511629225, 1125900189958318, 1125900189958319, 1125900189958320, 1125900189958321, 1125900189958322, 1125900189958323, 1125900189958324, 1125900189958325, 1125900189958326, 1125900189958327, 1125900189958328, 1125900189958329, 1125900189958330, 1125900189958331, 1125900189958332, 1125900189958333, 1125900189958334, 1125900189958335, 1125900189958336, 1125900189958337, 1125900189958338, 1125900189958339, 1125900189958340, 1125900189958341, 1125900189958342, 1125900189958343]",16
95.999,897,94,"[0, 1, 2, 3, 4, 5, 6, 7, 8, 9, 10, 11, 12, 13, 14, 15, 16, 17, 18, 19, 20, 21, 22, 23, 24, 25, 26, 27, 28, 29, 30, 31, 1099511629226, 1099511629227, 1099511629228, 1099511629229, 1099511629230, 1099511629231, 1099511629232, 1099511629233, 1099511629234, 1099511629235, 1099511629236, 1099511629237, 1099511629238, 1099511629239, 1099511629240, 1099511629241, 1099511629242, 1099511629243, 1099511629244, 1099511629245, 1099511629246, 1099511629247, 1099511629248, 1099511629249, 1125900197298232, 1125900197298233, 1125900197298234, 1125900197298235, 1125900197298236]",16
95.999,3142,398,"[0, 1, 2, 3, 4, 5, 6, 7, 8, 9, 10, 11, 12, 13, 14, 15, 16, 17, 18, 19, 20, 21, 22, 23, 24, 25, 26, 27, 28, 29, 30, 31, 49312, 49313, 49314, 49315, 49316, 49317, 49318, 49319, 49320, 49321, 49322, 49323, 49324, 49325, 49326, 49327, 49328, 49329, 49330, 49331, 49332, 49333, 49334, 49335, 49336, 49337, 49338, 49339, 49340, 49341, 49342, 49343, 49344, 49345, 49346, 49347, 49348, 49349, 49350, 49351, 49352, 49353, 49354, 49355, 49356, 49357, 49358, 49359, 49360, 49361, 49362, 49363, 49364, 49365, 49366, 49367, 49368, 49369, 49370, 49371, 49372, 49373, 49374, 49375, 49376, 49377, 49378, 49379, 49380, 49381, 49382, 49383, 49384, 49385, 49386, 49387, 49388, 49389, 49390, 49391, 49392, 49393, 49394, 49395, 49396, 49397, 49398, 49399, 49400, 49401, 49402, 49403, 49404, 49405, 49406, 49407, 49408, 49409, 49410, 49411, 49412, 49413, 49414, 49415, 49416, 49417, 49418, 49419, 49420, 49421, 49422, 49423, 49424, 49425, 49426, 49427, 49428, 49429, 49430, 49431, 49432, 49433, 49434, 49435, 49436, 49437, 49438, 49439, 233792, 233793, 233794, 233795, 233796, 233797, 233798, 233799, 233800, 233801, 233802, 233803, 233804, 233805, 233806, 233807, 233808, 233809, 233810, 233811, 233812, 233813, 233814, 233815, 233816, 233817, 233818, 233819, 233820, 233821, 233822, 233823, 1099511629250, 1099511629251, 1099511629252, 1099511629253, 1125900200444100, 1125900200444101, 1125900200444102, 1125900200444103, 1125900200444104, 1125900200444105, 1125900200444106, 1125900200444107, 1125900200444108, 1125900200444109, 1125900200444110, 1125900200444111, 1125900200444112, 1125900200444113, 1125900200444114, 1125900200444115, 1125900200444116, 1125900200444117, 1125900200444118, 1125900200444119, 1125900200444120, 1125900200444121, 1125900200444122, 1125900200444123, 1125900200444124]",16
99.0,899,418,"[0, 1, 2, 3, 4, 5, 6, 7, 8, 9, 10, 11, 12, 13, 14, 15, 16, 17, 18, 19, 20, 21, 22, 23, 24, 25, 26, 27, 28, 29, 30, 31, 1099511629254, 1099511629255, 1099511629256, 1099511629257, 1099511629258, 1099511629259, 1099511629260, 1099511629261, 1099511629262, 1099511629263, 1099511629264, 1099511629265, 1099511629266, 1099511629267, 1099511629268, 1099511629269, 1099511629270, 1099511629271, 1099511629272, 1099511629273, 1099511629274, 1099511629275, 1099511629276, 1099511629277, 1125900204638264, 1125900204638265, 1125900204638266, 1125900204638267, 1125900204638268, 1125900204638269, 1125900204638270, 1125900204638271, 1125900204638272, 1125900204638273, 1125900204638274, 1125900204638275, 1125900204638276, 1125900204638277, 1125900204638278, 1125900204638279, 1125900204638280, 1125900204638281, 1125900204638282, 1125900204638283, 1125900204638284, 1125900204638285, 1125900204638286, 1125900204638287, 1125900204638288, 1125900204638289]",16
99.0,3025,673,"[0, 1, 2, 3, 4, 5, 6, 7, 8, 9, 10, 11, 12, 13, 14, 15, 16, 17, 18, 19, 20, 21, 22, 23, 24, 25, 26, 27, 28, 29, 30, 31, 237312, 237313, 237314, 237315, 237316, 237317, 237318, 237319, 237320, 237321, 237322, 237323, 237324, 237325, 237326, 237327, 237328, 237329, 237330, 237331, 237332, 237333, 237334, 237335, 237336, 237337, 237338, 237339, 237340, 237341, 237342, 237343, 237344, 237345, 237346, 237347, 237348, 237349, 237350, 237351, 237352, 237353, 237354, 237355, 237356, 237357, 237358, 237359, 237360, 237361, 237362, 237363, 237364, 237365, 237366, 237367, 237368, 237369, 237370, 237371, 237372, 237373, 237374, 237375, 237376, 237377, 237378, 237379, 237380, 237381, 237382, 237383, 237384, 237385, 237386, 237387, 237388, 237389, 237390, 237391, 237392, 237393, 237394, 237395, 237396, 237397, 237398, 237399, 237400, 237401, 237402, 237403, 237404, 237405, 237406, 237407, 237408, 237409, 237410, 237411, 237412, 237413, 237414, 237415, 237416, 237417, 237418, 237419, 237420, 237421, 237422, 237423, 237424, 237425, 237426, 237427, 237428, 237429, 237430, 237431, 237432, 237433, 237434, 237435, 237436, 237437, 237438, 237439, 1099511629278, 1099511629279, 1099511629280, 1099511629281, 1099511629282, 1099511629283, 1099511629284, 1099511629285, 1099511629286, 1099511629287, 1099511629288, 1099511629289, 1099511629290, 1099511629291, 1099511629292, 1099511629293, 1099511629294, 1099511629295, 1099511629296, 1099511629297, 1099511629298, 1099511629299, 1099511629300, 1099511629301, 1099511629302, 1099511629303, 1099511629304, 1099511629305, 1099511629306, 1125900207784125, 1125900207784126, 1125900207784127, 1125900207784128, 1125900207784129, 1125900207784130, 1125900207784131, 1125900207784132, 1125900207784133, 1125900207784134, 1125900207784135, 1125900207784136, 1125900207784137, 1125900207784138, 1125900207784139, 1125900207784140, 1125900207784141, 1125900207784142, 1125900207784143, 1125900207784144, 1125900207784145, 1125900207784146, 1125900207784147, 1125900207784148, 1125900207784149, 1125900207784150, 1125900207784151, 1125900207784152, 1125900207784153, 1125900207784154, 1125900207784155, 1125900207784156, 1125900207784157, 1125900207784158, 1125900207784159, 1125900207784160, 1125900207784161, 1125900207784162, 1125900207784163, 1125900207784164, 1125900207784165, 1125900207784166]",16
99.0,914,275,"[0, 1, 2, 3, 4, 5, 6, 7, 8, 9, 10, 11, 12, 13, 14, 15, 16, 17, 18, 19, 20, 21, 22, 23, 24, 25, 26, 27, 28, 29, 30, 31, 1099511629307, 1099511629308, 1099511629309, 1099511629310, 1099511629311, 1099511629312, 1099511629313, 1099511629314, 1099511629315, 1099511629316, 1099511629317, 1099511629318, 1099511629319, 1099511629320, 1099511629321, 1099511629322, 1099511629323, 1099511629324, 1099511629325, 1099511629326, 1099511629327, 1099511629328, 1099511629329, 1099511629330, 1099511629331, 1125900208832569, 1125900208832570, 1125900208832571, 1125900208832572, 1125900208832573, 1125900208832574, 1125900208832575, 1125900208832576, 1125900208832577, 1125900208832578, 1125900208832579, 1125900208832580, 1125900208832581, 1125900208832582, 1125900208832583, 1125900208832584, 1125900208832585]",16
102.0,1056,3,"[0, 1, 2, 3, 4, 5, 6, 7, 8, 9, 10, 11, 12, 13, 14, 15, 16, 17, 18, 19, 20, 21, 22, 23, 24, 25, 26, 27, 28, 29, 30, 31, 242816, 242817, 242818, 242819, 242820, 242821, 242822, 242823, 242824, 242825, 242826, 242827, 242828, 242829, 242830, 242831, 242832, 242833, 242834, 242835, 242836, 242837, 242838, 242839, 242840, 242841, 242842, 242843, 242844, 242845, 242846, 242847, 1099511629332, 1099511629333]",16
102.0,3378,617,"[0, 1, 2, 3, 4, 5, 6, 7, 8, 9, 10, 11, 12, 13, 14, 15, 16, 17, 18, 19, 20, 21, 22, 23, 24, 25, 26, 27, 28, 29, 30, 31, 49120, 49121, 49122, 49123, 49124, 49125, 49126, 49127, 49128, 49129, 49130, 49131, 49132, 49133, 49134, 49135, 49136, 49137, 49138, 49139, 49140, 49141, 49142, 49143, 49144, 49145, 49146, 49147, 49148, 49149, 49150, 49151, 49152, 49153, 49154, 49155, 49156, 49157, 49158, 49159, 49160, 49161, 49162, 49163, 49164, 49165, 49166, 49167, 49168, 49169, 49170, 49171, 49172, 49173, 49174, 49175, 49176, 49177, 49178, 49179, 49180, 49181, 49182, 49183, 49184, 49185, 49186, 49187, 49188, 49189, 49190, 49191, 49192, 49193, 49194, 49195, 49196, 49197, 49198, 49199, 49200, 49201, 49202, 49203, 49204, 49205, 49206, 49207, 49208, 49209, 49210, 49211, 49212, 49213, 49214, 49215, 49216, 49217, 49218, 49219, 49220, 49221, 49222, 49223, 49224, 49225, 49226, 49227, 49228, 49229, 49230, 49231, 49232, 49233, 49234, 49235, 49236, 49237, 49238, 49239, 49240, 49241, 49242, 49243, 49244, 49245, 49246, 49247, 49248, 49249, 49250, 49251, 49252, 49253, 49254, 49255, 49256, 49257, 49258, 49259, 49260, 49261, 49262, 49263, 49264, 49265, 49266, 49267, 49268, 49269, 49270, 49271, 49272, 49273, 49274, 49275, 49276, 49277, 49278, 49279, 1099511629334, 1099511629335, 1099511629336, 1099511629337, 1099511629338, 1099511629339, 1099511629340, 1099511629341, 1099511629342, 1099511629343, 1099511629344, 1099511629345, 1099511629346, 1099511629347, 1099511629348, 1099511629349, 1099511629350, 1099511629351, 1099511629352, 1125900219318483, 1125900219318484, 1125900219318485, 1125900219318486, 1125900219318487, 1125900219318488, 1125900219318489, 1125900219318490, 1125900219318491, 1125900219318492, 1125900219318493, 1125900219318494, 1125900219318495, 1125900219318496, 1125900219318497, 1125900219318498, 1125900219318499, 1125900219318500, 1125900219318501, 1125900219318502, 1125900219318503, 1125900219318504, 1125900219318505, 1125900219318506, 1125900219318507, 1125900219318508, 1125900219318509, 1125900219318510, 1125900219318511, 1125900219318512, 1125900219318513, 1125900219318514, 1125900219318515, 1125900219318516, 1125900219318517, 1125900219318518, 1125900219318519, 1125900219318520]",16
102.0,979,140,"[0, 1, 2, 3, 4, 5, 6, 7, 8, 9, 10, 11, 12, 13, 14, 15, 16, 17, 18, 19, 20, 21, 22, 23, 24, 25, 26, 27, 28, 29, 30, 31, 1099511629353, 1099511629354, 1099511629355, 1099511629356, 1099511629357, 1099511629358, 1099511629359, 1099511629360, 1099511629361, 1099511629362, 1099511629363, 1099511629364, 1099511629365, 1099511629366, 1099511629367, 1099511629368, 1099511629369, 1099511629370, 1099511629371, 1099511629372, 1099511629373, 1099511629374, 1099511629375, 1099511629376, 1099511629377, 1099511629378, 1099511629379, 1099511629380, 1099511629381, 1125900220366909, 1125900220366910, 1125900220366911, 1125900220366912, 1125900220366913, 1125900220366914, 1125900220366915, 1125900220366916]",16
108.0,1661,93,"[0, 1, 2, 3, 4, 5, 6, 7, 8, 9, 10, 11, 12, 13, 14, 15, 16, 17, 18, 19, 20, 21, 22, 23, 24, 25, 26, 27, 28, 29, 30, 31, 160672, 160673, 160674, 160675, 160676, 160677, 160678, 160679, 160680, 160681, 160682, 160683, 160684, 160685, 160686, 160687, 160688, 160689, 160690, 160691, 160692, 160693, 160694, 160695, 160696, 160697, 160698, 160699, 160700, 160701, 160702, 160703, 252704, 252705, 252706, 252707, 252708, 252709, 252710, 252711, 252712, 252713, 252714, 252715, 252716, 252717, 252718, 252719, 252720, 252721, 252722, 252723, 252724, 252725, 252726, 252727, 252728, 252729, 252730, 252731, 252732, 252733, 252734, 252735, 1099511629382, 1099511629383, 1099511629384, 1099511629385, 1099511629386, 1099511629387, 1099511629388, 1125900231901287, 1125900231901288, 1125900231901289, 1125900231901290, 1125900231901291, 1125900231901292]",16
111.0,1479,41,"[0, 1, 2, 3, 4, 5, 6, 7, 8, 9, 10, 11, 12, 13, 14, 15, 16, 17, 18, 19, 20, 21, 22, 23, 24, 25, 26, 27, 28, 29, 30, 31, 256448, 256449, 256450, 256451, 256452, 256453, 256454, 256455, 256456, 256457, 256458, 256459, 256460, 256461, 256462, 256463, 256464, 256465, 256466, 256467, 256468, 256469, 256470, 256471, 256472, 256473, 256474, 256475, 256476, 256477, 256478, 256479, 1099511629389, 1099511629390, 1099511629391, 1099511629392, 1099511629393, 1099511629394, 1099511629395, 1099511629396, 1099511629397, 1099511629398, 1099511629399, 1099511629400, 1099511629401, 1099511629402, 1099511629403, 1099511629404, 1099511629405, 1099511629406, 1099511629407, 1099511629408, 1099511629409, 1099511629410, 1099511629411, 1099511629412, 1099511629413, 1099511629414, 1099511629415, 1099511629416, 1125900239241308, 1125900239241309, 1125900239241310]",16
111.0,1060,60,"[0, 1, 2, 3, 4, 5, 6, 7, 8, 9, 10, 11, 12, 13, 14, 15, 16, 17, 18, 19, 20, 21, 22, 23, 24, 25, 26, 27, 28, 29, 30, 31, 257376, 257377, 257378, 257379, 257380, 257381, 257382, 257383, 257384, 257385, 257386, 257387, 257388, 257389, 257390, 257391, 257392, 257393, 257394, 257395, 257396, 257397, 257398, 257399, 257400, 257401, 257402, 257403, 257404, 257405, 257406, 257407, 1099511629417, 1099511629418, 1125900241338434, 1125900241338435, 1125900241338436, 1125900241338437]",16
117.0,900,200,"[0, 1, 2, 3, 4, 5, 6, 7, 8, 9, 10, 11, 12, 13, 14, 15, 16, 17, 18, 19, 20, 21, 22, 23, 24, 25, 26, 27, 28, 29, 30, 31, 1099511629419, 1099511629420, 1099511629421, 1099511629422, 1099511629423, 1099511629424, 1099511629425, 1099511629426, 1099511629427, 1099511629428, 1099511629429, 1099511629430, 1099511629431, 1099511629432, 1099511629433, 1099511629434, 1099511629435, 1099511629436, 1099511629437, 1099511629438, 1099511629439, 1099511629440, 1099511629441, 1099511629442, 1125900257067064, 1125900257067065, 1125900257067066, 1125900257067067, 1125900257067068, 1125900257067069, 1125900257067070, 1125900257067071, 1125900257067072, 1125900257067073, 1125900257067074, 1125900257067075]",16
117.0,1216,384,"[0, 1, 2, 3, 4, 5, 6, 7, 8, 9, 10, 11, 12, 13, 14, 15, 16, 17, 18, 19, 20, 21, 22, 23, 24, 25, 26, 27, 28, 29, 30, 31, 273696, 273697, 273698, 273699, 273700, 273701, 273702, 273703, 273704, 273705, 273706, 273707, 273708, 273709, 273710, 273711, 273712, 273713, 273714, 273715, 273716, 273717, 273718, 273719, 273720, 273721, 273722, 273723, 273724, 273725, 273726, 273727, 1099511629443, 1099511629444, 1099511629445, 1099511629446, 1099511629447, 1099511629448, 1099511629449, 1099511629450, 1099511629451, 1099511629452, 1099511629453, 1099511629454, 1125900258115660, 1125900258115661, 1125900258115662, 1125900258115663, 1125900258115664, 1125900258115665, 1125900258115666, 1125900258115667, 1125900258115668, 1125900258115669, 1125900258115670, 1125900258115671, 1125900258115672, 1125900258115673, 1125900258115674, 1125900258115675, 1125900258115676, 1125900258115677, 1125900258115678, 1125900258115679, 1125900258115680, 1125900258115681, 1125900258115682, 1125900258115683]",16
117.0,1888,407,"[0, 1, 2, 3, 4, 5, 6, 7, 8, 9, 10, 11, 12, 13, 14, 15, 16, 17, 18, 19, 20, 21, 22, 23, 24, 25, 26, 27, 28, 29, 30, 31, 275520, 275521, 275522, 275523, 275524, 275525, 275526, 275527, 275528, 275529, 275530, 275531, 275532, 275533, 275534, 275535, 275536, 275537, 275538, 275539, 275540, 275541, 275542, 275543, 275544, 275545, 275546, 275547, 275548, 275549, 275550, 275551, 275552, 275553, 275554, 275555, 275556, 275557, 275558, 275559, 275560, 275561, 275562, 275563, 275564, 275565, 275566, 275567, 275568, 275569, 275570, 275571, 275572, 275573, 275574, 275575, 275576, 275577, 275578, 275579, 275580, 275581, 275582, 275583, 1099511629455, 1099511629456, 1099511629457, 1099511629458, 1099511629459, 1099511629460, 1099511629461, 1099511629462, 1099511629463, 1099511629464, 1099511629465, 1099511629466, 1099511629467, 1099511629468, 1099511629469, 1099511629470, 1099511629471, 1099511629472, 1099511629473, 1099511629474, 1099511629475, 1099511629476, 1125900260212854, 1125900260212855, 1125900260212856, 1125900260212857, 1125900260212858, 1125900260212859, 1125900260212860, 1125900260212861, 1125900260212862, 1125900260212863, 1125900260212864, 1125900260212865, 1125900260212866, 1125900260212867, 1125900260212868, 1125900260212869, 1125900260212870, 1125900260212871, 1125900260212872, 1125900260212873, 1125900260212874, 1125900260212875, 1125900260212876, 1125900260212877, 1125900260212878]",16
117.0,1434,90,"[0, 1, 2, 3, 4, 5, 6, 7, 8, 9, 10, 11, 12, 13, 14, 15, 16, 17, 18, 19, 20, 21, 22, 23, 24, 25, 26, 27, 28, 29, 30, 31, 212000, 212001, 212002, 212003, 212004, 212005, 212006, 212007, 212008, 212009, 212010, 212011, 212012, 212013, 212014, 212015, 212016, 212017, 212018, 212019, 212020, 212021, 212022, 212023, 212024, 212025, 212026, 212027, 212028, 212029, 212030, 212031, 1099511629477, 1099511629478, 1099511629479, 1099511629480, 1099511629481, 1099511629482, 1099511629483, 1099511629484, 1099511629485, 1099511629486, 1099511629487, 1099511629488, 1099511629489, 1099511629490, 1099511629491, 1099511629492, 1099511629493, 1099511629494, 1099511629495, 1099511629496, 1099511629497, 1099511629498, 1099511629499, 1099511629500, 1099511629501, 1125900261261401, 1125900261261402, 1125900261261403, 1125900261261404, 1125900261261405, 1125900261261406]",16
120.0,3808,16,"[0, 1, 2, 3, 4, 5, 6, 7, 8, 9, 10, 11, 12, 13, 14, 15, 16, 17, 18, 19, 20, 21, 22, 23, 24, 25, 26, 27, 28, 29, 30, 31, 275648, 275649, 275650, 275651, 275652, 275653, 275654, 275655, 275656, 275657, 275658, 275659, 275660, 275661, 275662, 275663, 275664, 275665, 275666, 275667, 275668, 275669, 275670, 275671, 275672, 275673, 275674, 275675, 275676, 275677, 275678, 275679, 275680, 275681, 275682, 275683, 275684, 275685, 275686, 275687, 275688, 275689, 275690, 275691, 275692, 275693, 275694, 275695, 275696, 275697, 275698, 275699, 275700, 275701, 275702, 275703, 275704, 275705, 275706, 275707, 275708, 275709, 275710, 275711, 275712, 275713, 275714, 275715, 275716, 275717, 275718, 275719, 275720, 275721, 275722, 275723, 275724, 275725, 275726, 275727, 275728, 275729, 275730, 275731, 275732, 275733, 275734, 275735, 275736, 275737, 275738, 275739, 275740, 275741, 275742, 275743, 275744, 275745, 275746, 275747, 275748, 275749, 275750, 275751, 275752, 275753, 275754, 275755, 275756, 275757, 275758, 275759, 275760, 275761, 275762, 275763, 275764, 275765, 275766, 275767, 275768, 275769, 275770, 275771, 275772, 275773, 275774, 275775, 275776, 275777, 275778, 275779, 275780, 275781, 275782, 275783, 275784, 275785, 275786, 275787, 275788, 275789, 275790, 275791, 275792, 275793, 275794, 275795, 275796, 275797, 275798, 275799, 275800, 275801, 275802, 275803, 275804, 275805, 275806, 275807, 275808, 275809, 275810, 275811, 275812, 275813, 275814, 275815, 275816, 275817, 275818, 275819, 275820, 275821, 275822, 275823, 275824, 275825, 275826, 275827, 275828, 275829, 275830, 275831, 275832, 275833, 275834, 275835, 275836, 275837, 275838, 275839, 1099511629502, 1099511629503, 1099511629504, 1099511629505, 1099511629506, 1099511629507, 1099511629508, 1099511629509, 1099511629510, 1099511629511, 1099511629512, 1099511629513, 1099511629514, 1099511629515, 1125900262310126]",16
120.0,894,349,"[0, 1, 2, 3, 4, 5, 6, 7, 8, 9, 10, 11, 12, 13, 14, 15, 16, 17, 18, 19, 20, 21, 22, 23, 24, 25, 26, 27, 28, 29, 30, 31, 1099511629516, 1099511629517, 1099511629518, 1099511629519, 1099511629520, 1099511629521, 1099511629522, 1099511629523, 1099511629524, 1099511629525, 1099511629526, 1099511629527, 1099511629528, 1099511629529, 1099511629530, 1099511629531, 1099511629532, 1099511629533, 1099511629534, 1099511629535, 1099511629536, 1099511629537, 1099511629538, 1125900263358519, 1125900263358520, 1125900263358521, 1125900263358522, 1125900263358523, 1125900263358524, 1125900263358525, 1125900263358526, 1125900263358527, 1125900263358528, 1125900263358529, 1125900263358530, 1125900263358531, 1125900263358532, 1125900263358533, 1125900263358534, 1125900263358535, 1125900263358536, 1125900263358537, 1125900263358538, 1125900263358539, 1125900263358540]",16
120.0,896,354,"[0, 1, 2, 3, 4, 5, 6, 7, 8, 9, 10, 11, 12, 13, 14, 15, 16, 17, 18, 19, 20, 21, 22, 23, 24, 25, 26, 27, 28, 29, 30, 31, 1099511629539, 1099511629540, 1099511629541, 1099511629542, 1099511629543, 1099511629544, 1099511629545, 1099511629546, 1099511629547, 1099511629548, 1099511629549, 1099511629550, 1099511629551, 1099511629552, 1099511629553, 1099511629554, 1099511629555, 1099511629556, 1099511629557, 1099511629558, 1099511629559, 1099511629560, 1099511629561, 1099511629562, 1125900267552824, 1125900267552825, 1125900267552826, 1125900267552827, 1125900267552828, 1125900267552829, 1125900267552830, 1125900267552831, 1125900267552832, 1125900267552833, 1125900267552834, 1125900267552835, 1125900267552836, 1125900267552837, 1125900267552838, 1125900267552839, 1125900267552840, 1125900267552841, 1125900267552842, 1125900267552843, 1125900267552844, 1125900267552845]",16
120.0,895,301,"[0, 1, 2, 3, 4, 5, 6, 7, 8, 9, 10, 11, 12, 13, 14, 15, 16, 17, 18, 19, 20, 21, 22, 23, 24, 25, 26, 27, 28, 29, 30, 31, 1099511629563, 1099511629564, 1099511629565, 1099511629566, 1099511629567, 1099511629568, 1099511629569, 1099511629570, 1099511629571, 1099511629572, 1099511629573, 1099511629574, 1099511629575, 1099511629576, 1099511629577, 1099511629578, 1099511629579, 1099511629580, 1099511629581, 1099511629582, 1099511629583, 1099511629584, 1099511629585, 1125900268601399, 1125900268601400, 1125900268601401, 1125900268601402, 1125900268601403, 1125900268601404, 1125900268601405, 1125900268601406, 1125900268601407, 1125900268601408, 1125900268601409, 1125900268601410, 1125900268601411, 1125900268601412, 1125900268601413, 1125900268601414, 1125900268601415, 1125900268601416, 1125900268601417]",16
123.0,1176,401,"[0, 1, 2, 3, 4, 5, 6, 7, 8, 9, 10, 11, 12, 13, 14, 15, 16, 17, 18, 19, 20, 21, 22, 23, 24, 25, 26, 27, 28, 29, 30, 31, 277056, 277057, 277058, 277059, 277060, 277061, 277062, 277063, 277064, 277065, 277066, 277067, 277068, 277069, 277070, 277071, 277072, 277073, 277074, 277075, 277076, 277077, 277078, 277079, 277080, 277081, 277082, 277083, 277084, 277085, 277086, 277087, 1099511629586, 1099511629587, 1099511629588, 1099511629589, 1099511629590, 1099511629591, 1099511629592, 1099511629593, 1099511629594, 1125900270698569, 1125900270698570, 1125900270698571, 1125900270698572, 1125900270698573, 1125900270698574, 1125900270698575, 1125900270698576, 1125900270698577, 1125900270698578, 1125900270698579, 1125900270698580, 1125900270698581, 1125900270698582, 1125900270698583, 1125900270698584, 1125900270698585, 1125900270698586, 1125900270698587, 1125900270698588, 1125900270698589, 1125900270698590, 1125900270698591, 1125900270698592, 1125900270698593]",16
123.0,1412,369,"[0, 1, 2, 3, 4, 5, 6, 7, 8, 9, 10, 11, 12, 13, 14, 15, 16, 17, 18, 19, 20, 21, 22, 23, 24, 25, 26, 27, 28, 29, 30, 31, 277120, 277121, 277122, 277123, 277124, 277125, 277126, 277127, 277128, 277129, 277130, 277131, 277132, 277133, 277134, 277135, 277136, 277137, 277138, 277139, 277140, 277141, 277142, 277143, 277144, 277145, 277146, 277147, 277148, 277149, 277150, 277151, 1099511629595, 1099511629596, 1099511629597, 1099511629598, 1099511629599, 1099511629600, 1099511629601, 1099511629602, 1099511629603, 1099511629604, 1099511629605, 1099511629606, 1099511629607, 1099511629608, 1099511629609, 1099511629610, 1099511629611, 1099511629612, 1099511629613, 1099511629614, 1099511629615, 1099511629616, 1099511629617, 1099511629618, 1125900271747160, 1125900271747161, 1125900271747162, 1125900271747163, 1125900271747164, 1125900271747165, 1125900271747166, 1125900271747167, 1125900271747168, 1125900271747169, 1125900271747170, 1125900271747171, 1125900271747172, 1125900271747173, 1125900271747174, 1125900271747175, 1125900271747176, 1125900271747177, 1125900271747178, 1125900271747179, 1125900271747180, 1125900271747181, 1125900271747182]",16
125.999,1008,39,"[0, 1, 2, 3, 4, 5, 6, 7, 8, 9, 10, 11, 12, 13, 14, 15, 16, 17, 18, 19, 20, 21, 22, 23, 24, 25, 26, 27, 28, 29, 30, 31, 1099511629619, 1099511629620, 1099511629621, 1099511629622, 1099511629623, 1099511629624, 1099511629625, 1099511629626, 1099511629627, 1099511629628, 1099511629629, 1099511629630, 1099511629631, 1099511629632, 1099511629633, 1099511629634, 1099511629635, 1099511629636, 1099511629637, 1099511629638, 1099511629639, 1099511629640, 1099511629641, 1099511629642, 1099511629643, 1099511629644, 1099511629645, 1099511629646, 1099511629647, 1099511629648, 1099511629649, 1125900282232895, 1125900282232896]",16
131.999,1318,314,"[0, 1, 2, 3, 4, 5, 6, 7, 8, 9, 10, 11, 12, 13, 14, 15, 16, 17, 18, 19, 20, 21, 22, 23, 24, 25, 26, 27, 28, 29, 30, 31, 292576, 292577, 292578, 292579, 292580, 292581, 292582, 292583, 292584, 292585, 292586, 292587, 292588, 292589, 292590, 292591, 292592, 292593, 292594, 292595, 292596, 292597, 292598, 292599, 292600, 292601, 292602, 292603, 292604, 292605, 292606, 292607, 1099511629650, 1099511629651, 1099511629652, 1099511629653, 1099511629654, 1099511629655, 1099511629656, 1099511629657, 1099511629658, 1099511629659, 1099511629660, 1099511629661, 1099511629662, 1099511629663, 1099511629664, 1099511629665, 1099511629666, 1099511629667, 1125900290621522, 1125900290621523, 1125900290621524, 1125900290621525, 1125900290621526, 1125900290621527, 1125900290621528, 1125900290621529, 1125900290621530, 1125900290621531, 1125900290621532, 1125900290621533, 1125900290621534, 1125900290621535, 1125900290621536, 1125900290621537, 1125900290621538, 1125900290621539, 1125900290621540, 1125900290621541]",16
131.999,1000,125,"[0, 1, 2, 3, 4, 5, 6, 7, 8, 9, 10, 11, 12, 13, 14, 15, 16, 17, 18, 19, 20, 21, 22, 23, 24, 25, 26, 27, 28, 29, 30, 31, 1099511629668, 1099511629669, 1099511629670, 1099511629671, 1099511629672, 1099511629673, 1099511629674, 1099511629675, 1099511629676, 1099511629677, 1099511629678, 1099511629679, 1099511629680, 1099511629681, 1099511629682, 1099511629683, 1099511629684, 1099511629685, 1099511629686, 1099511629687, 1099511629688, 1099511629689, 1099511629690, 1099511629691, 1099511629692, 1099511629693, 1099511629694, 1099511629695, 1099511629696, 1099511629697, 1125900295864382, 1125900295864383, 1125900295864384, 1125900295864385, 1125900295864386, 1125900295864387, 1125900295864388, 1125900295864389]",16
131.999,2533,241,"[0, 1, 2, 3, 4, 5, 6, 7, 8, 9, 10, 11, 12, 13, 14, 15, 16, 17, 18, 19, 20, 21, 22, 23, 24, 25, 26, 27, 28, 29, 30, 31, 294944, 294945, 294946, 294947, 294948, 294949, 294950, 294951, 294952, 294953, 294954, 294955, 294956, 294957, 294958, 294959, 294960, 294961, 294962, 294963, 294964, 294965, 294966, 294967, 294968, 294969, 294970, 294971, 294972, 294973, 294974, 294975, 294976, 294977, 294978, 294979, 294980, 294981, 294982, 294983, 294984, 294985, 294986, 294987, 294988, 294989, 294990, 294991, 294992, 294993, 294994, 294995, 294996, 294997, 294998, 294999, 295000, 295001, 295002, 295003, 295004, 295005, 295006, 295007, 295008, 295009, 295010, 295011, 295012, 295013, 295014, 295015, 295016, 295017, 295018, 295019, 295020, 295021, 295022, 295023, 295024, 295025, 295026, 295027, 295028, 295029, 295030, 295031, 295032, 295033, 295034, 295035, 295036, 295037, 295038, 295039, 1099511629698, 1099511629699, 1099511629700, 1099511629701, 1099511629702, 1099511629703, 1099511629704, 1099511629705, 1099511629706, 1099511629707, 1099511629708, 1099511629709, 1099511629710, 1099511629711, 1099511629712, 1099511629713, 1099511629714, 1099511629715, 1099511629716, 1099511629717, 1099511629718, 1099511629719, 1099511629720, 1099511629721, 1099511629722, 1099511629723, 1099511629724, 1099511629725, 1099511629726, 1099511629727, 1125900297961630, 1125900297961631, 1125900297961632, 1125900297961633, 1125900297961634, 1125900297961635, 1125900297961636, 1125900297961637, 1125900297961638, 1125900297961639, 1125900297961640, 1125900297961641, 1125900297961642, 1125900297961643, 1125900297961644]",16
131.999,915,506,"[0, 1, 2, 3, 4, 5, 6, 7, 8, 9, 10, 11, 12, 13, 14, 15, 16, 17, 18, 19, 20, 21, 22, 23, 24, 25, 26, 27, 28, 29, 30, 31, 1099511629728, 1099511629729, 1099511629730, 1099511629731, 1099511629732, 1099511629733, 1099511629734, 1099511629735, 1099511629736, 1099511629737, 1099511629738, 1099511629739, 1099511629740, 1099511629741, 1099511629742, 1099511629743, 1099511629744, 1099511629745, 1099511629746, 1099511629747, 1099511629748, 1099511629749, 1099511629750, 1099511629751, 1099511629752, 1125900301107257, 1125900301107258, 1125900301107259, 1125900301107260, 1125900301107261, 1125900301107262, 1125900301107263, 1125900301107264, 1125900301107265, 1125900301107266, 1125900301107267, 1125900301107268, 1125900301107269, 1125900301107270, 1125900301107271, 1125900301107272, 1125900301107273, 1125900301107274, 1125900301107275, 1125900301107276, 1125900301107277, 1125900301107278, 1125900301107279, 1125900301107280, 1125900301107281, 1125900301107282, 1125900301107283, 1125900301107284, 1125900301107285, 1125900301107286, 1125900301107287]",16
135.0,2991,296,"[0, 1, 2, 3, 4, 5, 6, 7, 8, 9, 10, 11, 12, 13, 14, 15, 16, 17, 18, 19, 20, 21, 22, 23, 24, 25, 26, 27, 28, 29, 30, 31, 307424, 307425, 307426, 307427, 307428, 307429, 307430, 307431, 307432, 307433, 307434, 307435, 307436, 307437, 307438, 307439, 307440, 307441, 307442, 307443, 307444, 307445, 307446, 307447, 307448, 307449, 307450, 307451, 307452, 307453, 307454, 307455, 307456, 307457, 307458, 307459, 307460, 307461, 307462, 307463, 307464, 307465, 307466, 307467, 307468, 307469, 307470, 307471, 307472, 307473, 307474, 307475, 307476, 307477, 307478, 307479, 307480, 307481, 307482, 307483, 307484, 307485, 307486, 307487, 307488, 307489, 307490, 307491, 307492, 307493, 307494, 307495, 307496, 307497, 307498, 307499, 307500, 307501, 307502, 307503, 307504, 307505, 307506, 307507, 307508, 307509, 307510, 307511, 307512, 307513, 307514, 307515, 307516, 307517, 307518, 307519, 307520, 307521, 307522, 307523, 307524, 307525, 307526, 307527, 307528, 307529, 307530, 307531, 307532, 307533, 307534, 307535, 307536, 307537, 307538, 307539, 307540, 307541, 307542, 307543, 307544, 307545, 307546, 307547, 307548, 307549, 307550, 307551, 1099511629753, 1099511629754, 1099511629755, 1099511629756, 1099511629757, 1099511629758, 1099511629759, 1099511629760, 1099511629761, 1099511629762, 1099511629763, 1099511629764, 1099511629765, 1099511629766, 1099511629767, 1099511629768, 1099511629769, 1099511629770, 1099511629771, 1099511629772, 1099511629773, 1099511629774, 1099511629775, 1099511629776, 1099511629777, 1099511629778, 1125900310544570, 1125900310544571, 1125900310544572, 1125900310544573, 1125900310544574, 1125900310544575, 1125900310544576, 1125900310544577, 1125900310544578, 1125900310544579, 1125900310544580, 1125900310544581, 1125900310544582, 1125900310544583, 1125900310544584, 1125900310544585, 1125900310544586, 1125900310544587, 1125900310544588]",16
138.0,1112,25,"[0, 1, 2, 3, 4, 5, 6, 7, 8, 9, 10, 11, 12, 13, 14, 15, 16, 17, 18, 19, 20, 21, 22, 23, 24, 25, 26, 27, 28, 29, 30, 31, 307584, 307585, 307586, 307587, 307588, 307589, 307590, 307591, 307592, 307593, 307594, 307595, 307596, 307597, 307598, 307599, 307600, 307601, 307602, 307603, 307604, 307605, 307606, 307607, 307608, 307609, 307610, 307611, 307612, 307613, 307614, 307615, 1099511629779, 1099511629780, 1099511629781, 1099511629782, 1099511629783, 1125900311593029, 1125900311593030]",16
138.0,3313,52,"[0, 1, 2, 3, 4, 5, 6, 7, 8, 9, 10, 11, 12, 13, 14, 15, 16, 17, 18, 19, 20, 21, 22, 23, 24, 25, 26, 27, 28, 29, 30, 31, 307648, 307649, 307650, 307651, 307652, 307653, 307654, 307655, 307656, 307657, 307658, 307659, 307660, 307661, 307662, 307663, 307664, 307665, 307666, 307667, 307668, 307669, 307670, 307671, 307672, 307673, 307674, 307675, 307676, 307677, 307678, 307679, 307680, 307681, 307682, 307683, 307684, 307685, 307686, 307687, 307688, 307689, 307690, 307691, 307692, 307693, 307694, 307695, 307696, 307697, 307698, 307699, 307700, 307701, 307702, 307703, 307704, 307705, 307706, 307707, 307708, 307709, 307710, 307711, 307712, 307713, 307714, 307715, 307716, 307717, 307718, 307719, 307720, 307721, 307722, 307723, 307724, 307725, 307726, 307727, 307728, 307729, 307730, 307731, 307732, 307733, 307734, 307735, 307736, 307737, 307738, 307739, 307740, 307741, 307742, 307743, 307744, 307745, 307746, 307747, 307748, 307749, 307750, 307751, 307752, 307753, 307754, 307755, 307756, 307757, 307758, 307759, 307760, 307761, 307762, 307763, 307764, 307765, 307766, 307767, 307768, 307769, 307770, 307771, 307772, 307773, 307774, 307775, 307776, 307777, 307778, 307779, 307780, 307781, 307782, 307783, 307784, 307785, 307786, 307787, 307788, 307789, 307790, 307791, 307792, 307793, 307794, 307795, 307796, 307797, 307798, 307799, 307800, 307801, 307802, 307803, 307804, 307805, 307806, 307807, 1099511629784, 1099511629785, 1099511629786, 1099511629787, 1099511629788, 1099511629789, 1099511629790, 1099511629791, 1099511629792, 1099511629793, 1099511629794, 1099511629795, 1099511629796, 1099511629797, 1099511629798, 1125900312641743, 1125900312641744, 1125900312641745]",16
138.0,908,341,"[0, 1, 2, 3, 4, 5, 6, 7, 8, 9, 10, 11, 12, 13, 14, 15, 16, 17, 18, 19, 20, 21, 22, 23, 24, 25, 26, 27, 28, 29, 30, 31, 1099511629799, 1099511629800, 1099511629801, 1099511629802, 1099511629803, 1099511629804, 1099511629805, 1099511629806, 1099511629807, 1099511629808, 1099511629809, 1099511629810, 1099511629811, 1099511629812, 1099511629813, 1099511629814, 1099511629815, 1099511629816, 1099511629817, 1099511629818, 1099511629819, 1099511629820, 1099511629821, 1099511629822, 1125900318933048, 1125900318933049, 1125900318933050, 1125900318933051, 1125900318933052, 1125900318933053, 1125900318933054, 1125900318933055, 1125900318933056, 1125900318933057, 1125900318933058, 1125900318933059, 1125900318933060, 1125900318933061, 1125900318933062, 1125900318933063, 1125900318933064, 1125900318933065, 1125900318933066, 1125900318933067, 1125900318933068, 1125900318933069]",16
141.0,1809,634,"[0, 1, 2, 3, 4, 5, 6, 7, 8, 9, 10, 11, 12, 13, 14, 15, 16, 17, 18, 19, 20, 21, 22, 23, 24, 25, 26, 27, 28, 29, 30, 31, 311296, 311297, 311298, 311299, 311300, 311301, 311302, 311303, 311304, 311305, 311306, 311307, 311308, 311309, 311310, 311311, 311312, 311313, 311314, 311315, 311316, 311317, 311318, 311319, 311320, 311321, 311322, 311323, 311324, 311325, 311326, 311327, 311328, 311329, 311330, 311331, 311332, 311333, 311334, 311335, 311336, 311337, 311338, 311339, 311340, 311341, 311342, 311343, 311344, 311345, 311346, 311347, 311348, 311349, 311350, 311351, 311352, 311353, 311354, 311355, 311356, 311357, 311358, 311359, 1099511629823, 1099511629824, 1099511629825, 1099511629826, 1099511629827, 1099511629828, 1099511629829, 1099511629830, 1099511629831, 1099511629832, 1099511629833, 1099511629834, 1099511629835, 1099511629836, 1099511629837, 1099511629838, 1099511629839, 1125900322078833, 1125900322078834, 1125900322078835, 1125900322078836, 1125900322078837, 1125900322078838, 1125900322078839, 1125900322078840, 1125900322078841, 1125900322078842, 1125900322078843, 1125900322078844, 1125900322078845, 1125900322078846, 1125900322078847, 1125900322078848, 1125900322078849, 1125900322078850, 1125900322078851, 1125900322078852, 1125900322078853, 1125900322078854, 1125900322078855, 1125900322078856, 1125900322078857, 1125900322078858, 1125900322078859, 1125900322078860, 1125900322078861, 1125900322078862, 1125900322078863, 1125900322078864, 1125900322078865, 1125900322078866, 1125900322078867, 1125900322078868, 1125900322078869, 1125900322078870, 1125900322078871]",16
141.0,3631,22,"[0, 1, 2, 3, 4, 5, 6, 7, 8, 9, 10, 11, 12, 13, 14, 15, 16, 17, 18, 19, 20, 21, 22, 23, 24, 25, 26, 27, 28, 29, 30, 31, 312928, 312929, 312930, 312931, 312932, 312933, 312934, 312935, 312936, 312937, 312938, 312939, 312940, 312941, 312942, 312943, 312944, 312945, 312946, 312947, 312948, 312949, 312950, 312951, 312952, 312953, 312954, 312955, 312956, 312957, 312958, 312959, 312960, 312961, 312962, 312963, 312964, 312965, 312966, 312967, 312968, 312969, 312970, 312971, 312972, 312973, 312974, 312975, 312976, 312977, 312978, 312979, 312980, 312981, 312982, 312983, 312984, 312985, 312986, 312987, 312988, 312989, 312990, 312991, 312992, 312993, 312994, 312995, 312996, 312997, 312998, 312999, 313000, 313001, 313002, 313003, 313004, 313005, 313006, 313007, 313008, 313009, 313010, 313011, 313012, 313013, 313014, 313015, 313016, 313017, 313018, 313019, 313020, 313021, 313022, 313023, 313024, 313025, 313026, 313027, 313028, 313029, 313030, 313031, 313032, 313033, 313034, 313035, 313036, 313037, 313038, 313039, 313040, 313041, 313042, 313043, 313044, 313045, 313046, 313047, 313048, 313049, 313050, 313051, 313052, 313053, 313054, 313055, 313056, 313057, 313058, 313059, 313060, 313061, 313062, 313063, 313064, 313065, 313066, 313067, 313068, 313069, 313070, 313071, 313072, 313073, 313074, 313075, 313076, 313077, 313078, 313079, 313080, 313081, 313082, 313083, 313084, 313085, 313086, 313087, 313088, 313089, 313090, 313091, 313092, 313093, 313094, 313095, 313096, 313097, 313098, 313099, 313100, 313101, 313102, 313103, 313104, 313105, 313106, 313107, 313108, 313109, 313110, 313111, 313112, 313113, 313114, 313115, 313116, 313117, 313118, 313119, 1099511629840, 1099511629841, 1125900324176098, 1125900324176099]",16
141.0,2040,4,"[0, 1, 2, 3, 4, 5, 6, 7, 8, 9, 10, 11, 12, 13, 14, 15, 16, 17, 18, 19, 20, 21, 22, 23, 24, 25, 26, 27, 28, 29, 30, 31, 318048, 318049, 318050, 318051, 318052, 318053, 318054, 318055, 318056, 318057, 318058, 318059, 318060, 318061, 318062, 318063, 318064, 318065, 318066, 318067, 318068, 318069, 318070, 318071, 318072, 318073, 318074, 318075, 318076, 318077, 318078, 318079, 318080, 318081, 318082, 318083, 318084, 318085, 318086, 318087, 318088, 318089, 318090, 318091, 318092, 318093, 318094, 318095, 318096, 318097, 318098, 318099, 318100, 318101, 318102, 318103, 318104, 318105, 318106, 318107, 318108, 318109, 318110, 318111, 1099511629842, 1099511629843, 1099511629844, 1099511629845, 1099511629846, 1099511629847, 1099511629848, 1099511629849, 1099511629850, 1099511629851, 1099511629852, 1099511629853, 1099511629854, 1099511629855, 1099511629856, 1099511629857, 1099511629858, 1099511629859, 1099511629860, 1099511629861, 1099511629862, 1099511629863, 1099511629864, 1099511629865, 1099511629866, 1099511629867, 1099511629868, 1099511629869, 1099511629870, 1099511629871, 1099511629872]",16
141.0,914,394,"[0, 1, 2, 3, 4, 5, 6, 7, 8, 9, 10, 11, 12, 13, 14, 15, 16, 17, 18, 19, 20, 21, 22, 23, 24, 25, 26, 27, 28, 29, 30, 31, 1099511629873, 1099511629874, 1099511629875, 1099511629876, 1099511629877, 1099511629878, 1099511629879, 1099511629880, 1099511629881, 1099511629882, 1099511629883, 1099511629884, 1099511629885, 1099511629886, 1099511629887, 1099511629888, 1099511629889, 1099511629890, 1099511629891, 1099511629892, 1099511629893, 1099511629894, 1099511629895, 1099511629896, 1099511629897, 1125900332564537, 1125900332564538, 1125900332564539, 1125900332564540, 1125900332564541, 1125900332564542, 1125900332564543, 1125900332564544, 1125900332564545, 1125900332564546, 1125900332564547, 1125900332564548, 1125900332564549, 1125900332564550, 1125900332564551, 1125900332564552, 1125900332564553, 1125900332564554, 1125900332564555, 1125900332564556, 1125900332564557, 1125900332564558, 1125900332564559, 1125900332564560]",16
144.0,1904,4,"[0, 1, 2, 3, 4, 5, 6, 7, 8, 9, 10, 11, 12, 13, 14, 15, 16, 17, 18, 19, 20, 21, 22, 23, 24, 25, 26, 27, 28, 29, 30, 31, 331616, 331617, 331618, 331619, 331620, 331621, 331622, 331623, 331624, 331625, 331626, 331627, 331628, 331629, 331630, 331631, 331632, 331633, 331634, 331635, 331636, 331637, 331638, 331639, 331640, 331641, 331642, 331643, 331644, 331645, 331646, 331647, 331648, 331649, 331650, 331651, 331652, 331653, 331654, 331655, 331656, 331657, 331658, 331659, 331660, 331661, 331662, 331663, 331664, 331665, 331666, 331667, 331668, 331669, 331670, 331671, 331672, 331673, 331674, 331675, 331676, 331677, 331678, 331679, 1099511629898, 1099511629899, 1099511629900, 1099511629901, 1099511629902, 1099511629903, 1099511629904, 1099511629905, 1099511629906, 1099511629907, 1099511629908, 1099511629909, 1099511629910, 1099511629911, 1099511629912, 1099511629913, 1099511629914, 1099511629915, 1099511629916, 1099511629917, 1099511629918, 1099511629919, 1099511629920]",16
144.0,1182,27,"[0, 1, 2, 3, 4, 5, 6, 7, 8, 9, 10, 11, 12, 13, 14, 15, 16, 17, 18, 19, 20, 21, 22, 23, 24, 25, 26, 27, 28, 29, 30, 31, 331712, 331713, 331714, 331715, 331716, 331717, 331718, 331719, 331720, 331721, 331722, 331723, 331724, 331725, 331726, 331727, 331728, 331729, 331730, 331731, 331732, 331733, 331734, 331735, 331736, 331737, 331738, 331739, 331740, 331741, 331742, 331743, 1099511629921, 1099511629922, 1099511629923, 1099511629924, 1099511629925, 1099511629926, 1099511629927, 1099511629928, 1099511629929, 1125900344098889, 1125900344098890]",16
147.0,894,459,"[0, 1, 2, 3, 4, 5, 6, 7, 8, 9, 10, 11, 12, 13, 14, 15, 16, 17, 18, 19, 20, 21, 22, 23, 24, 25, 26, 27, 28, 29, 30, 31, 1099511629930, 1099511629931, 1099511629932, 1099511629933, 1099511629934, 1099511629935, 1099511629936, 1099511629937, 1099511629938, 1099511629939, 1099511629940, 1099511629941, 1099511629942, 1099511629943, 1099511629944, 1099511629945, 1099511629946, 1099511629947, 1099511629948, 1099511629949, 1099511629950, 1099511629951, 1099511629952, 1125900351438903, 1125900351438904, 1125900351438905, 1125900351438906, 1125900351438907, 1125900351438908, 1125900351438909, 1125900351438910, 1125900351438911, 1125900351438912, 1125900351438913, 1125900351438914, 1125900351438915, 1125900351438916, 1125900351438917, 1125900351438918, 1125900351438919, 1125900351438920, 1125900351438921, 1125900351438922, 1125900351438923, 1125900351438924, 1125900351438925, 1125900351438926, 1125900351438927, 1125900351438928, 1125900351438929, 1125900351438930, 1125900351438931]",16
147.0,932,40,"[0, 1, 2, 3, 4, 5, 6, 7, 8, 9, 10, 11, 12, 13, 14, 15, 16, 17, 18, 19, 20, 21, 22, 23, 24, 25, 26, 27, 28, 29, 30, 31, 1099511629953, 1099511629954, 1099511629955, 1099511629956, 1099511629957, 1099511629958, 1099511629959, 1099511629960, 1099511629961, 1099511629962, 1099511629963, 1099511629964, 1099511629965, 1099511629966, 1099511629967, 1099511629968, 1099511629969, 1099511629970, 1099511629971, 1099511629972, 1099511629973, 1099511629974, 1099511629975, 1099511629976, 1099511629977, 1099511629978, 1125900360876090, 1125900360876091]",16
147.0,1546,87,"[0, 1, 2, 3, 4, 5, 6, 7, 8, 9, 10, 11, 12, 13, 14, 15, 16, 17, 18, 19, 20, 21, 22, 23, 24, 25, 26, 27, 28, 29, 30, 31, 212000, 212001, 212002, 212003, 212004, 212005, 212006, 212007, 212008, 212009, 212010, 212011, 212012, 212013, 212014, 212015, 212016, 212017, 212018, 212019, 212020, 212021, 212022, 212023, 212024, 212025, 212026, 212027, 212028, 212029, 212030, 212031, 341344, 341345, 341346, 341347, 341348, 341349, 341350, 341351, 341352, 341353, 341354, 341355, 341356, 341357, 341358, 341359, 341360, 341361, 341362, 341363, 341364, 341365, 341366, 341367, 341368, 341369, 341370, 341371, 341372, 341373, 341374, 341375, 1125900361924704, 1125900361924705, 1125900361924706, 1125900361924707, 1125900361924708, 1125900361924709]",16
149.999,1844,590,"[0, 1, 2, 3, 4, 5, 6, 7, 8, 9, 10, 11, 12, 13, 14, 15, 16, 17, 18, 19, 20, 21, 22, 23, 24, 25, 26, 27, 28, 29, 30, 31, 93824, 93825, 93826, 93827, 93828, 93829, 93830, 93831, 93832, 93833, 93834, 93835, 93836, 93837, 93838, 93839, 93840, 93841, 93842, 93843, 93844, 93845, 93846, 93847, 93848, 93849, 93850, 93851, 93852, 93853, 93854, 93855, 346272, 346273, 346274, 346275, 346276, 346277, 346278, 346279, 346280, 346281, 346282, 346283, 346284, 346285, 346286, 346287, 346288, 346289, 346290, 346291, 346292, 346293, 346294, 346295, 346296, 346297, 346298, 346299, 346300, 346301, 346302, 346303, 1099511629979, 1099511629980, 1099511629981, 1099511629982, 1099511629983, 1099511629984, 1099511629985, 1099511629986, 1099511629987, 1099511629988, 1099511629989, 1099511629990, 1099511629991, 1099511629992, 1099511629993, 1099511629994, 1099511629995, 1099511629996, 1099511629997, 1125900369264755, 1125900369264756, 1125900369264757, 1125900369264758, 1125900369264759, 1125900369264760, 1125900369264761, 1125900369264762, 1125900369264763, 1125900369264764, 1125900369264765, 1125900369264766, 1125900369264767, 1125900369264768, 1125900369264769, 1125900369264770, 1125900369264771, 1125900369264772, 1125900369264773, 1125900369264774, 1125900369264775, 1125900369264776, 1125900369264777, 1125900369264778, 1125900369264779, 1125900369264780, 1125900369264781, 1125900369264782, 1125900369264783, 1125900369264784, 1125900369264785, 1125900369264786, 1125900369264787, 1125900369264788, 1125900369264789, 1125900369264790, 1125900369264791]",16
149.999,899,276,"[0, 1, 2, 3, 4, 5, 6, 7, 8, 9, 10, 11, 12, 13, 14, 15, 16, 17, 18, 19, 20, 21, 22, 23, 24, 25, 26, 27, 28, 29, 30, 31, 1099511629998, 1099511629999, 1099511630000, 1099511630001, 1099511630002, 1099511630003, 1099511630004, 1099511630005, 1099511630006, 1099511630007, 1099511630008, 1099511630009, 1099511630010, 1099511630011, 1099511630012, 1099511630013, 1099511630014, 1099511630015, 1099511630016, 1099511630017, 1099511630018, 1099511630019, 1099511630020, 1099511630021, 1125900373459000, 1125900373459001, 1125900373459002, 1125900373459003, 1125900373459004, 1125900373459005, 1125900373459006, 1125900373459007, 1125900373459008, 1125900373459009, 1125900373459010, 1125900373459011, 1125900373459012, 1125900373459013, 1125900373459014, 1125900373459015, 1125900373459016]",16
149.999,1053,185,"[0, 1, 2, 3, 4, 5, 6, 7, 8, 9, 10, 11, 12, 13, 14, 15, 16, 17, 18, 19, 20, 21, 22, 23, 24, 25, 26, 27, 28, 29, 30, 31, 348000, 348001, 348002, 348003, 348004, 348005, 348006, 348007, 348008, 348009, 348010, 348011, 348012, 348013, 348014, 348015, 348016, 348017, 348018, 348019, 348020, 348021, 348022, 348023, 348024, 348025, 348026, 348027, 348028, 348029, 348030, 348031, 1099511630022, 1125900374507585, 1125900374507586, 1125900374507587, 1125900374507588, 1125900374507589, 1125900374507590, 1125900374507591, 1125900374507592, 1125900374507593, 1125900374507594, 1125900374507595, 1125900374507596]",16
149.999,2063,479,"[0, 1, 2, 3, 4, 5, 6, 7, 8, 9, 10, 11, 12, 13, 14, 15, 16, 17, 18, 19, 20, 21, 22, 23, 24, 25, 26, 27, 28, 29, 30, 31, 138944, 138945, 138946, 138947, 138948, 138949, 138950, 138951, 138952, 138953, 138954, 138955, 138956, 138957, 138958, 138959, 138960, 138961, 138962, 138963, 138964, 138965, 138966, 138967, 138968, 138969, 138970, 138971, 138972, 138973, 138974, 138975, 349120, 349121, 349122, 349123, 349124, 349125, 349126, 349127, 349128, 349129, 349130, 349131, 349132, 349133, 349134, 349135, 349136, 349137, 349138, 349139, 349140, 349141, 349142, 349143, 349144, 349145, 349146, 349147, 349148, 349149, 349150, 349151, 349152, 349153, 349154, 349155, 349156, 349157, 349158, 349159, 349160, 349161, 349162, 349163, 349164, 349165, 349166, 349167, 349168, 349169, 349170, 349171, 349172, 349173, 349174, 349175, 349176, 349177, 349178, 349179, 349180, 349181, 349182, 349183, 1125900376604800, 1125900376604801, 1125900376604802, 1125900376604803, 1125900376604804, 1125900376604805, 1125900376604806, 1125900376604807, 1125900376604808, 1125900376604809, 1125900376604810, 1125900376604811, 1125900376604812, 1125900376604813, 1125900376604814, 1125900376604815, 1125900376604816, 1125900376604817, 1125900376604818, 1125900376604819, 1125900376604820, 1125900376604821, 1125900376604822, 1125900376604823, 1125900376604824, 1125900376604825, 1125900376604826, 1125900376604827, 1125900376604828, 1125900376604829]",16
153.0,2535,386,"[0, 1, 2, 3, 4, 5, 6, 7, 8, 9, 10, 11, 12, 13, 14, 15, 16, 17, 18, 19, 20, 21, 22, 23, 24, 25, 26, 27, 28, 29, 30, 31, 349888, 349889, 349890, 349891, 349892, 349893, 349894, 349895, 349896, 349897, 349898, 349899, 349900, 349901, 349902, 349903, 349904, 349905, 349906, 349907, 349908, 349909, 349910, 349911, 349912, 349913, 349914, 349915, 349916, 349917, 349918, 349919, 349920, 349921, 349922, 349923, 349924, 349925, 349926, 349927, 349928, 349929, 349930, 349931, 349932, 349933, 349934, 349935, 349936, 349937, 349938, 349939, 349940, 349941, 349942, 349943, 349944, 349945, 349946, 349947, 349948, 349949, 349950, 349951, 349952, 349953, 349954, 349955, 349956, 349957, 349958, 349959, 349960, 349961, 349962, 349963, 349964, 349965, 349966, 349967, 349968, 349969, 349970, 349971, 349972, 349973, 349974, 349975, 349976, 349977, 349978, 349979, 349980, 349981, 349982, 349983, 1099511630023, 1099511630024, 1099511630025, 1099511630026, 1099511630027, 1099511630028, 1099511630029, 1099511630030, 1099511630031, 1099511630032, 1099511630033, 1099511630034, 1099511630035, 1099511630036, 1099511630037, 1099511630038, 1099511630039, 1099511630040, 1099511630041, 1099511630042, 1099511630043, 1099511630044, 1099511630045, 1099511630046, 1099511630047, 1099511630048, 1099511630049, 1099511630050, 1099511630051, 1099511630052, 1125900380799134, 1125900380799135, 1125900380799136, 1125900380799137, 1125900380799138, 1125900380799139, 1125900380799140, 1125900380799141, 1125900380799142, 1125900380799143, 1125900380799144, 1125900380799145, 1125900380799146, 1125900380799147, 1125900380799148, 1125900380799149, 1125900380799150, 1125900380799151, 1125900380799152, 1125900380799153, 1125900380799154, 1125900380799155, 1125900380799156, 1125900380799157]",16
153.0,3075,666,"[0, 1, 2, 3, 4, 5, 6, 7, 8, 9, 10, 11, 12, 13, 14, 15, 16, 17, 18, 19, 20, 21, 22, 23, 24, 25, 26, 27, 28, 29, 30, 31, 350016, 350017, 350018, 350019, 350020, 350021, 350022, 350023, 350024, 350025, 350026, 350027, 350028, 350029, 350030, 350031, 350032, 350033, 350034, 350035, 350036, 350037, 350038, 350039, 350040, 350041, 350042, 350043, 350044, 350045, 350046, 350047, 350048, 350049, 350050, 350051, 350052, 350053, 350054, 350055, 350056, 350057, 350058, 350059, 350060, 350061, 350062, 350063, 350064, 350065, 350066, 350067, 350068, 350069, 350070, 350071, 350072, 350073, 350074, 350075, 350076, 350077, 350078, 350079, 350080, 350081, 350082, 350083, 350084, 350085, 350086, 350087, 350088, 350089, 350090, 350091, 350092, 350093, 350094, 350095, 350096, 350097, 350098, 350099, 350100, 350101, 350102, 350103, 350104, 350105, 350106, 350107, 350108, 350109, 350110, 350111, 350112, 350113, 350114, 350115, 350116, 350117, 350118, 350119, 350120, 350121, 350122, 350123, 350124, 350125, 350126, 350127, 350128, 350129, 350130, 350131, 350132, 350133, 350134, 350135, 350136, 350137, 350138, 350139, 350140, 350141, 350142, 350143, 350144, 350145, 350146, 350147, 350148, 350149, 350150, 350151, 350152, 350153, 350154, 350155, 350156, 350157, 350158, 350159, 350160, 350161, 350162, 350163, 350164, 350165, 350166, 350167, 350168, 350169, 350170, 350171, 350172, 350173, 350174, 350175, 1125900381847744, 1125900381847745, 1125900381847746, 1125900381847747, 1125900381847748, 1125900381847749, 1125900381847750, 1125900381847751, 1125900381847752, 1125900381847753, 1125900381847754, 1125900381847755, 1125900381847756, 1125900381847757, 1125900381847758, 1125900381847759, 1125900381847760, 1125900381847761, 1125900381847762, 1125900381847763, 1125900381847764, 1125900381847765, 1125900381847766, 1125900381847767, 1125900381847768, 1125900381847769, 1125900381847770, 1125900381847771, 1125900381847772, 1125900381847773, 1125900381847774, 1125900381847775, 1125900381847776, 1125900381847777, 1125900381847778, 1125900381847779, 1125900381847780, 1125900381847781, 1125900381847782, 1125900381847783, 1125900381847784]",16
153.0,1069,27,"[0, 1, 2, 3, 4, 5, 6, 7, 8, 9, 10, 11, 12, 13, 14, 15, 16, 17, 18, 19, 20, 21, 22, 23, 24, 25, 26, 27, 28, 29, 30, 31, 350272, 350273, 350274, 350275, 350276, 350277, 350278, 350279, 350280, 350281, 350282, 350283, 350284, 350285, 350286, 350287, 350288, 350289, 350290, 350291, 350292, 350293, 350294, 350295, 350296, 350297, 350298, 350299, 350300, 350301, 350302, 350303, 1099511630053, 1099511630054, 1125900383944770, 1125900383944771]",16
156.0,1234,381,"[0, 1, 2, 3, 4, 5, 6, 7, 8, 9, 10, 11, 12, 13, 14, 15, 16, 17, 18, 19, 20, 21, 22, 23, 24, 25, 26, 27, 28, 29, 30, 31, 354240, 354241, 354242, 354243, 354244, 354245, 354246, 354247, 354248, 354249, 354250, 354251, 354252, 354253, 354254, 354255, 354256, 354257, 354258, 354259, 354260, 354261, 354262, 354263, 354264, 354265, 354266, 354267, 354268, 354269, 354270, 354271, 1099511630055, 1099511630056, 1099511630057, 1099511630058, 1099511630059, 1099511630060, 1099511630061, 1099511630062, 1099511630063, 1099511630064, 1099511630065, 1099511630066, 1099511630067, 1125900390236237, 1125900390236238, 1125900390236239, 1125900390236240, 1125900390236241, 1125900390236242, 1125900390236243, 1125900390236244, 1125900390236245, 1125900390236246, 1125900390236247, 1125900390236248, 1125900390236249, 1125900390236250, 1125900390236251, 1125900390236252, 1125900390236253, 1125900390236254, 1125900390236255, 1125900390236256, 1125900390236257, 1125900390236258, 1125900390236259]",16
156.0,2214,520,"[0, 1, 2, 3, 4, 5, 6, 7, 8, 9, 10, 11, 12, 13, 14, 15, 16, 17, 18, 19, 20, 21, 22, 23, 24, 25, 26, 27, 28, 29, 30, 31, 354816, 354817, 354818, 354819, 354820, 354821, 354822, 354823, 354824, 354825, 354826, 354827, 354828, 354829, 354830, 354831, 354832, 354833, 354834, 354835, 354836, 354837, 354838, 354839, 354840, 354841, 354842, 354843, 354844, 354845, 354846, 354847, 354848, 354849, 354850, 354851, 354852, 354853, 354854, 354855, 354856, 354857, 354858, 354859, 354860, 354861, 354862, 354863, 354864, 354865, 354866, 354867, 354868, 354869, 354870, 354871, 354872, 354873, 354874, 354875, 354876, 354877, 354878, 354879, 354880, 354881, 354882, 354883, 354884, 354885, 354886, 354887, 354888, 354889, 354890, 354891, 354892, 354893, 354894, 354895, 354896, 354897, 354898, 354899, 354900, 354901, 354902, 354903, 354904, 354905, 354906, 354907, 354908, 354909, 354910, 354911, 1099511630068, 1099511630069, 1099511630070, 1099511630071, 1099511630072, 1099511630073, 1099511630074, 1099511630075, 1099511630076, 1099511630077, 1125900392333450, 1125900392333451, 1125900392333452, 1125900392333453, 1125900392333454, 1125900392333455, 1125900392333456, 1125900392333457, 1125900392333458, 1125900392333459, 1125900392333460, 1125900392333461, 1125900392333462, 1125900392333463, 1125900392333464, 1125900392333465, 1125900392333466, 1125900392333467, 1125900392333468, 1125900392333469, 1125900392333470, 1125900392333471, 1125900392333472, 1125900392333473, 1125900392333474, 1125900392333475, 1125900392333476, 1125900392333477, 1125900392333478, 1125900392333479, 1125900392333480, 1125900392333481]",16
159.0,1763,509,"[0, 1, 2, 3, 4, 5, 6, 7, 8, 9, 10, 11, 12, 13, 14, 15, 16, 17, 18, 19, 20, 21, 22, 23, 24, 25, 26, 27, 28, 29, 30, 31, 124128, 124129, 124130, 124131, 124132, 124133, 124134, 124135, 124136, 124137, 124138, 124139, 124140, 124141, 124142, 124143, 124144, 124145, 124146, 124147, 124148, 124149, 124150, 124151, 124152, 124153, 124154, 124155, 124156, 124157, 124158, 124159, 367584, 367585, 367586, 367587, 367588, 367589, 367590, 367591, 367592, 367593, 367594, 367595, 367596, 367597, 367598, 367599, 367600, 367601, 367602, 367603, 367604, 367605, 367606, 367607, 367608, 367609, 367610, 367611, 367612, 367613, 367614, 367615, 1099511630078, 1099511630079, 1099511630080, 1099511630081, 1099511630082, 1099511630083, 1099511630084, 1099511630085, 1099511630086, 1099511630087, 1099511630088, 1099511630089, 1099511630090, 1099511630091, 1125900403867758, 1125900403867759, 1125900403867760, 1125900403867761, 1125900403867762, 1125900403867763, 1125900403867764, 1125900403867765, 1125900403867766, 1125900403867767, 1125900403867768, 1125900403867769, 1125900403867770, 1125900403867771, 1125900403867772, 1125900403867773, 1125900403867774, 1125900403867775, 1125900403867776, 1125900403867777, 1125900403867778, 1125900403867779, 1125900403867780, 1125900403867781, 1125900403867782, 1125900403867783, 1125900403867784, 1125900403867785, 1125900403867786, 1125900403867787, 1125900403867788, 1125900403867789]",16
159.0,1798,323,"[0, 1, 2, 3, 4, 5, 6, 7, 8, 9, 10, 11, 12, 13, 14, 15, 16, 17, 18, 19, 20, 21, 22, 23, 24, 25, 26, 27, 28, 29, 30, 31, 371136, 371137, 371138, 371139, 371140, 371141, 371142, 371143, 371144, 371145, 371146, 371147, 371148, 371149, 371150, 371151, 371152, 371153, 371154, 371155, 371156, 371157, 371158, 371159, 371160, 371161, 371162, 371163, 371164, 371165, 371166, 371167, 371168, 371169, 371170, 371171, 371172, 371173, 371174, 371175, 371176, 371177, 371178, 371179, 371180, 371181, 371182, 371183, 371184, 371185, 371186, 371187, 371188, 371189, 371190, 371191, 371192, 371193, 371194, 371195, 371196, 371197, 371198, 371199, 1099511630092, 1099511630093, 1099511630094, 1099511630095, 1099511630096, 1099511630097, 1099511630098, 1099511630099, 1099511630100, 1099511630101, 1099511630102, 1099511630103, 1099511630104, 1099511630105, 1099511630106, 1099511630107, 1125900409110640, 1125900409110641, 1125900409110642, 1125900409110643, 1125900409110644, 1125900409110645, 1125900409110646, 1125900409110647, 1125900409110648, 1125900409110649, 1125900409110650, 1125900409110651, 1125900409110652, 1125900409110653, 1125900409110654, 1125900409110655, 1125900409110656, 1125900409110657, 1125900409110658, 1125900409110659]",16
